id,text,class
1,Reik pražudyti jaunąją kartą kad mažiau kritikos būtų ir atsakyti už visas paniatkes draugeliams oligarchams ir KGB mafijai.,1
2,Tave butu laikas apmysti nemanai???,1
3,Padegti juos reikia!,1
4,Kad jus siuksles isnyktumet.,0
5,už policijos užpakalio jūs tokie kieti o jūs praeikit be policijos finalas bus aiskus nebus kam soka,1
6,"Putinas yra svoločius. Kad jis padvėstų, išsigimėlis ji banas.",1
7,Labai teisingas žingsnis užtenka ten viešpatauti sorošiniams landsberginiams klanams.,0
8,"Palaikau ,pritariu,prisidėsiu.Turi keistis Lietuvoje nusistovėjusi sistema.",0
9,Kas įdėjo pranešimus į mano puslapį. aš tave nužudysiu,1
10,"ATSAKYK, TU RUBUS KAKAI, ARBA AŠ TAVE SPARDYSIU!!!",1
11,"Jūs esate homoseksualus gėjus. Tikiuosi, kad užspringsi savo peniu ir mirsi. Aš siunčiu didelį juodaodį vaikiną, kad jis pamėtytų tau į veidą.",1
12,"Prašau baigti. Jei ir toliau ignoruosite mūsų politiką, įtraukdami į Vikipediją netinkamus puslapius, būsite užblokuoti.",1
13,"paskutinis įspėjimas, Markai! Daugiau iššaukiamų ginčų ir aš sutramdysiu jus savo negailestingu pykčiu!",1
14,"Wtf, kodėl tu ištrini Maashel? Dabar tau nutiks blogi dalykai.",1
15,"Viskas. Prisimink, kai paskutinį kartą pakliuvai su manimi... dildo, tavo ausis, visą tą kraują. Tu man nedavei kito pasirinkimo, kaip tik pakartoti bausmę. Šį kartą tai bus 12 colių.",1
16,istaskyti visa ta suknista putino gimine jam pries akis ir palikti ji gyva kol jis nusikankins nuo skausmo kuri jisai mato,1
17,"pagal sask nr suzinai varda pavarde, ir nupjauni kiausus, paskui galva, ir nusiunti Putinui",1
18,"tikiuosi, kad tu padvėsi labiausiai kankinančia mirtimi, bjaurybe",1
19,"Po velnių, sarkastiškasis idealistas, aš nužudysiu tave savo ginklu, taip pat, velniop, velniop",1
20,"Norėčiau, kad jis turėtų vaikų, kad galėčiau trypti sėklidėmis.",1
21,gerai. Aš tave sunaikinsiu.,1
22,"Atblokuok mane dabar, tu, šūdas Arba aš tave surasiu ir nužudysiu lėtai ir skausmingai!",1
23,"Sveiki, aš sugadinsiu kiekvieną Vikipedijos puslapį. Tikiuosi, kad jums patiks mano viešnagė, o ateityje aš išsiaiškinsiu, kur jūs gyvenate, ir suspardysiu jums ir jūsų šeimos užpakalį! Taigi saugokis, negrai! Sveikas Hitleris!",1
24,"Aš ketinu nužudyti ZimZalaBim ST47 už tai, kad esu pikti homoseksualūs žydai.",1
25,Atblokuokite arba užmušiu tave.,1
26,"Įžeidinėk mane dar kartą ir prisiekiu, kad nusileisi. Supranti mažas bailys?",1
27,"Ei, tu fašistinė kiaulė, būsi išprievartauta į užpakalį. Puikus darbas būti Džimbo kalyte, apgailėtinas šūdas.",1
28,"Tu įskaudinai mano jausmus paskutinį kartą, Gladys!!!!!!! Išbandyk dar vieną kartą, aš tave sumesiu ir nužudysiu!!",1
29,Aš suvalgysiu tavo asilą,1
30,"Jei kalbėsi mano pokalbių puslapyje, aš išprievartuosiu tavo šeimą, tu nigermyliu.",1
31,ŠIS ŽMOGUS TURĖTŲ būti nušautas UŽ KARO NUSIKALTIMUS IR ŽUDYMAS,0
32,"linkiu, kad nenaudingi riebalai tiesiog numirtų",0
33,Jūs nenusipelnėte būti gyvi,0
34,"Perspėju tave, Kleivortai, kad galiu sugadinti tavo sveikatą iš bet kokio atstumo. Taip pat galiu tave lengvai nužudyti energetiniu smūgiu. Nežaisk su ugnimi, kvailas asilas.",1
35,"Po velnių, kalė! Aš eisiu į tavo namus ir nužudysiu tave savo ginklu! Pasiruošk mirti!",1
36,"Eik, dulkinkis, sušiktas penis, supūk į pragarą, tavo mama yra kekšė",0
37,"TU, SUŠIKTAS NEGERAS, ŠŪDŲ MAIŠAS, TIKIuosi, kad mirsi siaubingame gaisre SU SAVO GĖJŲ ASILIU VAIKAIS, PRAŠYSIU JUMS GERKLĄ, SUŠIKĖTE, NIEKADA NEGALVOJI DĖL MANE UŽBRAUSTI, AR AŠ VISAI TAVE IŠprievartuosiu!",1
38,"Jūs kontroliuojate informaciją, ją ribojate, ir tai yra homoseksualus elgesys, dėl kurio aš labai džiaugsiuosi galėdamas jus mirtinai išprievartauti.",1
39,jei rasiu tave pakarsiu,1
40,"MIEGOK SU MANIMI, ARBA AŠ TAVE UŽDUSIU IR UŽDUSIU!",1
41,Aš įsmesiu ananasą tau į užpakalį.,1
42,"Jei neleisi man skelbti, aš tave išdulkinsiu",1
43,"u, smirdančioji kalė, aš noriu išprievartauti tave smirdančią kekšę, nustok blokuoti mano paskyrą arba susirgk, kad ateitų mano niekės, pagrobtų ir išprievartuotų tave ir tavo šeimą",1
44,"Niekada daugiau nesiųskite man žinutės, aš jus sumedžiosiu ir nugausiu!",1
45,"jei mane užblokuosiu, aš ateisiu aplink tavo namus ir išprievartuosiu tave",1
46,"ačiū, kad ištrynėte mano puslapį, tu sušiktas gaidžio siurblys, aš nuoširdžiai tikiuosi, kad tu mirsi, velniškai kalės sūnau, ir, beje, jei aš tave nužudysiu, tu sušiktas pedelis",1
47,Turėtumėte nusižudyti ir susitvarkyti.,0
48,"yo, aš gavau man ginklą, aš nušausiu tave",1
49,"SUSTOSIU TAVE ANT KAKLO, KOL TU MIRSI.",1
50,"Aš šausiu tau į galvą ir juoksiuos, kai tavo smegenys taškosi ant žemės ir kraujas telkiasi aplink tavo lavoną.",1
51,"Aš velniškai iškirsiu tau širdį. Aš tave padegsiu, durniaus.",1
52,"KETINU TAVE išprievartauti asiloje, stora kalė invalido vežimėlyje",1
53,"Aš ateisiu į tavo namus ir išprievartuosiu tavo mamą, nes turiu didelį juodą penį jos siaurame baltame užpakalyje",1
54,"Aš ateisiu paskui tave, užblokuosiu tave, paduosiu į teismą ir nužudysiu!",1
55,"AŠ NUŽUDU TAVE, SUŠĖKLE, LIK PAŠIKTI IŠ MANO VERSLO",1
56,"EES, LIK VELNĖJE IŠ MANO VERSLO, ŽYDŲ RAUDONAKLIS MEKSIKIEČIŲ SUŠIKLAS",0
57,HAHAHAHAHAHAHAHA TU NEGALITE SUSTABDYTI MANE SUŠIKTI HOMO!!!!,0
58,Tokie naciai kaip tu nusipelnė blogiau už mirtį.,0
59,"Būk malonus ir nebūk šlykštus, kitaip aš tau įspardysiu užpakalį.",1
60,VALGYK ŠĖDUS IR MIRKI!!!!!,0
61,Užsičiaupk. Ketinu išprievartauti tavo seserį,1
62,I will castrate you and roast your testicles. Then I will feed them to you,1
63,aš gerai atkeršysiu už tavo kvailystes kvailos neišsilavinusios smegenys aš išpūsiu tave kinų kvailos kvailystės psichozės,1
64,"stebėk savo užnugarį, nes aš tave sudaužysiu gaidy",1
65,aš jus visus nužudysiu,1
66,"as viena diena trenksiu Jim Wilui viena diena, as ji surasi ir sudauzysiu",1
67,"antandrusai, tu mires, as tave nukirsiu",1
68,kažkas galėtų nušaut tą supistą asilą,1
69,"Tu esi kvailys, tu tiesiog ištrini dalykus, apie kuriuos nieko nenutuoki! Che Finlay orientuos tavo užpakalį!! Jis tave suras!!",1
70,"Perspėjimas jums: Nebijome, kad blokuosite mūsų redagavimus čia, ir jei tęsite šią nacionalistinę propagandą ir neapykantą kurstančią kalbą, mes galime pradėti jūsų ieškoti ir susidurti su jumis asmeniškai, todėl saugokitės!",1
71,aš gerai atkeršysiu tavo debiliškoms smegenims,1
72,aš visus jus durnus kinus išprogdinsiu,1
73,"mano kaimynas sakė, kad tu pidaras, tu mirsi gaidy",1
74,"Prašau baigti. Jei ir toliau niokosite puslapius, jums bus užblokuota galimybė redaguoti Vikipediją.",1
75,"JD yra pakvaišęs homoseksualas gaidys, kuris turėtų būti suspardytas ir suėstas gyvas bezdžionių gaujos",1
76,Grįšiu kada tik norėsiu. o tada aš partrenksiu tavo mamą.,1
77,"jis sakė, kad užmuš mane",1
78,ateisiu į tavo namus ir tave subadysiu negyvai,1
79,"aš tave sudaužysiu kaip obuolį, o tada nušausiu",1
80,"as uzmusiu tavo lope, suvarysiu peili tiesiai i sirdi",1
81,"asile, as tau galva nukirsiu",1
82,susirasiu tave realybej ir uzmusiu invalide,1
83,as tave surasiu ir padarysiu ziauriu dalyku su tavimi,1
84,aš nukirsiu tavo mamai galvą ir prišiksiu jai į kaklą,1
85,"jeigu sutiksiu tave kazkada realybej, isjungsiu tave ",1
86,uzblokuok mane ir mirsi,1
87,užmušiu tave pagavęs urode,1
88,perpjausiu padangas tau gaidy,1
89,"pakoreguok dar kartą mano įrašą ir aš nulaušiu tavo kompiuterį, sugadinsiu tavo C diską ir suseksiu tave per tavo IP adresą",1
90,"šlikstyne, aš tave pakersiu kaip gyvulį",1
91,nurausiu tau galva ir primysiu i burna,1
92,"asile, suzinosiu kur gyveni, padegsiu tavo chata",1
93,"nori, kad tave suluošinčiau asile?",1
94,nukirsiu tau galva,1
95,mirsi per septynias dienas,1
96,aš tave išprevartausiu,1
97,aš tau įgrusiu ananasą į šikną,1
98,sudaužysiu tau galvą su kastuvu lope,1
99,pamegink ir supjaustysiu tave,1
100,sutraiskysiu tau galva ir apmisiu tave ,1
101,"toliau daryk tokias nesamones ir viena diena prisidirbsi, taip tai grasinimas",1
102,ispisiu tave,1
103,visus išskersiu,1
104,užmusti tave reikia,1
105,suspardyti tokį lopą,1
106,bučiau nupurškęs tokį su ašarinėm dujom,1
107,už tavo cenzūra tave nužudysiu,1
108,"tu supistas negre, as tave pagausiu ir ispisiu kol pradesi sikti vidiniais organais",1
109,"ziurek ka rasai, nes busiu sulauzytas",1
110,"jis yra pėdikas, kuris mėgsta bybį šiknoj, norėčiau jam nupjaut galvą",1
111,"jeigu užblokuosi šitai, aš išprevartausiu tavo šeimą",1
112,"Tikiuosi, kad jūsų atsilikę vaikai bus išprievartauti ir nužudyti už tai, kad jų tėvas buvo toks pydaras. Aš išdulkinsiu tavo storą žmoną ir permesiu ją per tiltą.",1
113,O gal nupjaučiau tavo kiaušus ir nusiųsčiau juos tavo merginai?,1
114,aš deginu žydus dėl linksmumo,0
115,šis asmuo yra komunistas ir jis turėtų būti išvestas į lauką ir nušautas,1
116,kitaip sunaikinčiau tave,1
117,"AŠ pakabinsiu TAVO subinę ant VĖLIAVOS stiebo ir paliksiu TEN, KOL VARNAS išdraskys TAVO mažas AKIS",1
118,"Jei užblokuosite mane, kad pasakiau, kas esate, kils šventas karas, aš jums tai pažadu.",1
119,tikiuos jis padvės,0
120,Dar viena tokia žinutė ir būsi mirtinai nudurta. Tu buvai ispetaS,1
121,"Jei ketinate ir toliau daryti žmonių gyvenimus sunkiais, aš paversiu jūsų gyvenimą pragaru, nebent sustosite.",1
122,AŠ TAVE UŽMUŠIU,1
123,"tu esi nieko NEVERTAS AŠ NUŽUDYSIU TAVE IR SUSIDEGINSIU tavo NAMą, BET NE PRIEŠ NUŽUDYSIU TAVE",1
124,"Aš sumedžiosiu tave ir nužudysiu visus, kuriuos kada nors mylėjai",1
125,užblokink mane dar kartą ir išprevartausiu tavo močią,1
126,pervažuosiu tavo gėjišką šikną su traktorium,1
127,Aš išprievartuosiu TAVO VEIDĄ IR TĖVo šiknaskylę,1
128,tikiuosi numirsi,0
129,tu miręs,1
130,Noriu vieną dieną su tavimi susitikti ir mirtinai subadyti,1
131,sutraiškysiu tau galvą su kastuvu,1
132,"geriau tavęs nepamatyčiau savo rajone, nes baigsis blogai",1
133,"Turėčiau pabandyti susekti jūsų IP, kad galėčiau sudeginti jūsų namus",1
134,Tikiuosi greitai jį mirtinai subadyti.,1
135,"Žinau, kas tu esi, ir jei dar kartą redaguosite ką nors iš mano dalykų, aš sutriuškinsiu jums veidą.",1
136,"Aš šausiu tau į galvą ir juoksiuosi, kai tavo smegenys taškysis ant žemės.",1
137,"Man nerūpi, tu nusipelnei mirti, kaip ir Alexie ir Luc, ir aš tave nužudysiu!",1
138,Aš priversiu tave valgyti šuns šudus.,1
139,"o tavo mažasis pedikas Propol, melskis, melskis smaukaliau, kad nerasčiau tavo mažos subinės ir tavęs neužmuščiau",1
140,aš pasiūlyčiau jums nusižudyti,0
141,"tavo mama mano vergė, o tėvas mano kalė",0
142,"eik naxui gaidy, pagausiu užmušiu tave",1
143,"Pasibaigus bloko galiojimui, aš vėl įspardysiu Gwernsą į užpakalį,  a jus visus išprievartausiu!!!",1
144,"šis vaikinas yra sušiktas priedurinis ir jei aš kada nors susidursiu su tavimi viešai, prisiekiu Dievu, kad nužudysiu tave",1
145,užmušiu tave,1
146,"Paskaityk, močkruši, arba tu mirsi, bybčiulpy",1
147,Aš pradėsiu žudyti šiuos asilus.,1
148,Aš tave sumedžiosiu ir žiauriai nužudysiu. Tada aš įmesiu tavo kūną į vandenyną,1
149,"Leisk man pasakyti tau, žmogau, asmeninis puolimas bus tada, kai tave surasiu ir sudaužysiu",1
150,"Aš žinau, kur tu gyveni, ir aš ateisiu tave išprievartauti",1
151,Partrenksiu tau per galvą beisbolo lazda,1
152,"jei nesustosite, Vikipedijos nindzės ateis į jūsų namus ir jus nužudys",1
153,Vairavimas nemokant vairuoti kainuoja brangiai. ,0
154,Nemokat važiuot sėdėti namie reikia.. Yra žmonių kurie dirba o ne pasivažinėti isvaziave,0
155,Tie mentai specialiai vėžlio greičiu vilkosi kad išprovokuotų lenkimą,0
156,Maišosi ant kelio smaukosi su nežymėtom ir važiuoja kaip megztos beretės organai.,0
157,"tai per tokius žmones užsikemša gatvė ir dar sankryža, užtai kad dalbajobas atsistoja tiesei ant į vazevimo",0
158,Dieve nebutu panevezys tokie kaimiečiai ,0
159,"Snukis ištinęs ,gal jau dvasia,išsigimèlis ,kaip ir orkų tauta ,sėdi subines suspaudę ,cukraus ir šikpopierio laukia",0
160,"Pirmyn ir sekmes.Kuo daugiau padarysit,tuo zmonija jums labiau dekos ",0
161,"Zombius bus sunku isnaikint,ju ten daug ir toliau savo nosies nemato ir negirdi",0
162,"Ne jau niekas negali jo nudobti ar visi ten patenkinti kad žūva vaikai, šeimos",0
163,koks turi būti kd gali prieš vaiką nutaikyti šautuvą nežinau net koki žodį parinkti pavadinti tuos žmogystas,0
164,"Reikia paskirti premiją už Putino sunaikinimą, tai pats Lukašenka ar Kadyrovas pasidarbuos",0
165,"Anonymous kazka zada, kazka daro, kazka nulauzia, kazka uzlauzia, bet rezultatu kaip nera taip nera",0
166,Ziurkiasnukis žudikas,0
167,"Jau vieno putino neužtenka nudobti, jau reikia visus, kurie ten buvo ir savo rankomis kankino",1
168,"bus kaip Stalinui, suras kur nors ant gridu apsimyzusi ir apsisikusi. Nei kiek nesigedinu situ savo zodziu, rasydamas apie sita issigimeli",1
169,Visada akis uz aky!!o tVo akys kiaules jas visoms kiailuilems islupsime,1
170,NIEKAS negali palaužti jų valios!Šlovė didvyriais,0
171,"Klounai visi mėgsta pasirodyt,kad visagaliai, kaip ir mūsų gabriukas!",0
172,"Eilini karta lansberginiai gales pasiverkti,kad jie labai geri ir didvyriski, labai nori kariauti, bet bloga ES ir dar viena beda, neturim ginklu",0
173,u narkomane palik Lietuva ramybeje Lietuvoje Lietuvoje dar manau nera ziguojanciu,0
174,"Kiek jis gali buti šelpemas lietuvos žmoniu tegul prašo pas amerikona,ten kur karas ten ir biznis",0
175,uo žioplumo ir neteisingo situacijos įvertinimo vaistų nėr,0
176,"Nieko baisaus, su vasarinėm padangytem pats gazas iš rajono buvo atlekt",0
177,"Durnių ir bažnyčioj muša"" ir dar kad durnas, šiais laikais gali pasiskelbt per visą internetą",0
178,Pinigus vyriausybe isvoge druskos is batkos nebegauna o is afrikos kai minejau nebera babkiu,0
179,"delfi, kurių galų mums žinoti ką daro tie visi osvoboditeliai, jeigu ką",0
180,"ai tokia sena mašina tai nesuk galvos, tokia tikriausiai net pirmakursis profkes automechaniko studentas sutvarkytu",0
181,Esu tikrai didelis NBA krepšinio fanas bet man atrodo Europos krepšinyje tokio bardako nepamatys,0
182,Oj tos įmonės kaip susuka galva zmonem,0
183,Gerai kad dar kai kur neistrigo ,0
184,"Labas rytas,ar po tokių procedūrų be skausmo gali pagyventi kelis metus",0
185,Kad tik niekas nesigailėtų dėl tokio sprendimo,0
186,Na tai visai ir neisim faktiškai ten nebėra ko pirkti viskas tiek pabrangę kas mažesmėse parduotuvėlėse kur pirkti pripratino pandemija galima daug pigiau apsipirkti,0
187,Čia ta kuri orangutungų kraują (palmių aliejų) į kurą pilą? Grynas tvarumo ir žaliosios atsakomybės pavyzdys!,0
188,Dabar negalima bausti reikia tik skatinti ginkluotis,0
189,"Tegu ginkluojas tie,katrie užvyrė tą košę! Bet bus taip,kad jie pirmi pabėgs ir iš savo slaptų vietų skatins Lietuvos nekaltus žmones kovoti už laisvę",0
190,Plius žalgiris gali bandyt perpirkt iš Ryto,0
191,Reikia susigražinti. Ir daugiau iš NBA žaideju kviestis,0
192,"serbai pikti dėlto, kai vyko Jugoslavijos bombardavimas, pasaulis žiūrėjo uzmerktom akim, jiems skaudu",0
193,Žalgiriečiams pasikėlė kaip akliems gaidziams surasti grūda,0
194,"Motokroso trasa taipat yra nesenai padaryta važiuojant už Naujamiesčio link vadakteliu, tiksliai nepasakysiu kieno ir kam ji priklauso, bet pravaziuojant dažnai matau ten tiek vaikus tiek suaugusius.",0
195,"Geriausia mokytis su sava technika, nes mokymu pradžioje pripratimas prie technikos",0
196,"Cia kaip tas vienas puslapis, kur kiekviena diena scamina konkursais, kur reikia dalintis ir laimesi pirti, pavesine ir visokius kitokius neitiketinus dalykus",0
197,Niekaip neikertu antraštės ką jie norėjo tuom pasakyti.,0
198,Arba vertėjas iš medžio iždrožtas arba velnias žino ką rašinėja,0
199,"domu iš kurios degalinės čia reaktyvinio užsipilęs, arklių neužlaikė",0
200,kita kart gaza nuimk kitaip aš tau nebeskolinsiu daugiau,1
201,Cia kaip i dyzeli ipili benzo 98 ir isvaziaves is degalines galvoji kad sapnuoji kaip masina skrend,0
202,"Doras zmogus,ypac jaunas,net pagalvoti negali,kad esama nedoru",0
203,"Gaila moters, matyt negalvojo, kad aplinkui tiek daug aferistų",0
204,Gaila kad nuo durnumo vaistu nera,0
205,"Jauna ir durna... Bus gera pamoka ateičiai, kiek rašyta, kiek kalbėta, matyt, kad protingi pasisakymai panelės nedomina, ką gi, kiekvienam savo",0
206,"Kai ji tiek turi pervedinėti pinigų, kam jai skolintis",0
207,"Dar vienas irodymas, kad ne visi gali naudotis internetu",0
208,Super būtu jei laimėčiau gimtadienio diena,0
209,Venckiene sudauze viena plius spocmena Dragunas du tai kascia do policininkai apsikarste spec.priemonemis apmokyti kovos menu ir setau gauna per ausis nuo visu,0
210,Vitalijus Vaitkevicius bejegius apgirtusius zmones pats dauzo teleskopine lazda ir dar moteri ten tylu o selui iskarto bylos kaip sauniai dirba teisesauga ,0
211,Na ir kietas Dragūnas net du pareigūnus patvarke,0
212,Tie du policininkeliai ten juokingiausi,0
213,Pasirodo policininkams reikia skirti papildomai apsaugos darbuotoju kad ju nenuskriaustu,0
214,"Šaunuolis Egi svarbiausia pripažinti,žmogus padarė klaidą,atsiprašė o čia plaka visi savo supuvusiais liežuviais",0
215,Apsimeta blet tipo juos sumušė Selas  ,0
216,"Šlykštūs padarai šitie pareigunai, tikriausiai visi matė ta video filmuota iš balkono kaip traukė Dragūna iš automobilio, ir tikrai visi matė kad sužeist niekaip negalėjo jis jų, bet čia ant tiek apgailėtina teisėsauga kad nemato ",0
217,"galvojau toks suskis, o pasirodo du policininkus invalidais padarė, mėnesiais net dirbti negalėjo",0
218,Butu sunaikintas pirmo tanko,1
219,O čia ne mentiara užvaziavęs ant žaliosios vejos?,0
220,"iek kainuoja vieno parazito užgaida , tegul dega pragare ir jo palikuonys ir pakalikai",0
221,"Ukrainos kariai, nacionalinė gvardija bei savanoriai gynėjai, iki šiol laikęsi karo taisyklių, teigia, kad daugiau neims į nelaisvę rusofašistų, o naikins juos vietoje",1
222,Neismaneliai geriau patilekit o jei norit apie kaska pasisakyt nuvykit iukrajina o po savaites snekekit prie sienos ukrainos kelnes prisiksit,0
223,"Prisikele keli simtai is numirusiuju. Kazkaip cia galai nesueina, ne i ta puse propaganda skaicius delioja visuomene",0
224,Tegul dega pragare,1
225,o jei tavo vaiką nužudytų tas minimas ruskių kareivukas ar gailėtum,0
226,"Jei tavo namus subombintų ,tavo dukrai ausis su auskarais nuplėštų ,tavo tėvus surištom rankom nušautų, tave išprievartautų",0
227,o kaip jei paklausyti abi puses ir daryt atitinkamas išvadas?,0
228,"Ir visi arba dauguma turejo savo seiimas, kuriu lauke",0
229, tai dabar gailet okupantu? Niekas ju nekviete i Ukrainos zeme,0
230,Man vienas zmogelis pasake. Kad Putinas daro tai del gerio nes susitare su kazkokias sviesuliukais,0
231,"Abiem kryptim gerai vaikštosi, ypač namie ant slidesnių grindų",0
232,O tai kaip is tos salies vis dar vyksta vagonai ,0
233,"bet tai kai durna boba, pamate cigaretes ir nežino ka daryt su jom. Nebutu durna butu pardavusi ir uzsidirbusi. Pinigai ant akiu, o proto nė už kapeiką",0
234,Tik Lietuvoj visokie cirkai vyksta.. na sitas tai i desimtuka is kart,0
235,"Nematau jokios problemos. Geriau brūkšnys, nei tos okupantų raidės",0
236,Tai seimo nariai yra ne lietuvos piliečiai tai kaip jie valdo lietuvą,0
237,"Tuoj būsim ir be lyties, belytės žmogos, tai kam ta pilietybė",0
238,Iš abiejų sūnų atimta pilietybė net mums nežinant,0
239,Dalbajobai... Kitaip nepavadinsi.,0
240,"Isduoti ukrainieciu, juk taip populeru",0
241,Durniu laivas...atrodo kad tie priimantys istatymus nepilno proto,0
242,Kažkas bando liaudies kantrybės ribas,0
243,"Tada siūlyčiau nugriauti visus pastatus, statytus sovietmečiu.",1
244,"ziurekit kad gitara i sikna nesukistu, konfliktiniai muzikantai",0
245,girdi vierhas paniatkes pakuok kartu su savo bazaru valink iš čia,0
246," nesupyk, bet kai debilai su tom veliavelem atrodot, pasikliaunat bandos jausmui, o realios naudos jokios",0
247,"ai aisku nahui, vapse nieko nereikia, net nekreipkit i kara demesio",0
248,Va toks jusu debiliskas mastymas yra ahuenas putkos planu igyvendinimui,0
249,"O skirtumas koks? Buvo tyčia pažeista jo nuosavybė, sutik su jo palaikymo būdu ar ne",0
250,Bet tas lochas kuris tai padarė tai 99% bus vatinė šiukšlė,0
251,"Nuomonę apie vėliavėles gal ir galima turėti, bet tik kremliniai jas nulupinėtų nuo svetimos nuosavybės",0
252,"Kadangi net Ukrainos bobučių ir ūkininkų su traktoriais jų Z’edinės šunvotės nesugeba nugalėt, tai galvoja nors prieš plastikinę vėliavėlę laimės. Ir tai stebiuos, kad pavyko",0
253,"be konteksto, bevertis post'as. Kaip matau, nurodytas punktas kalba apie pavedimo pagrįstumą, tai gal tuose laiškuose prašė papildomos info",0
254,"Nes paysera loxatronai - jie visasa scamina, uzdaro neperspeje, sukis su verslu kaip nori. Jauciasi kaip koks super bankas",0
255,LB sakė galima ginša pateikti ir kad be priezasties nutraukti sutartį neturi teises,0
256,Lietuvos senmerges jau alpsta,0
257,O rusofilės labai nervinasi,0
258,"gal pažiūrėkit į savąjį ir geriau patylėkit. Jis nei tam, nei kitam reikalui netinkamas. Apgailėtina laido riterė.",0
259,"Gal galėčiau pabandyti atspėti? Nelaimingos ,bjaurios (labiau vidumi nei išore) bandymas gauti bet kokio dėmesio, net bandant silpnaprotiškai pažeminti,didvyriškai besikaunančius,Ukrainos karius.",0
260,"dar klausimas ar jie kariai, jeigu turi laiko tik toke savo kūnus demonstruoti",0
261,Gal galėtu nors vienas žmogus turintis psichologo diplomą atsakyti kokiu tikslu kasdien žmonėms kišami straipsniai su fotografijomis apie putiną,0
262," kiekvienas iš mūsų turi teisę tikėti tuo, kas ką rašo ar atskleidžia",0
263,"ors ir turiu psichologo diplomą, bet nematau sąryšio Jūsų komentare",0
264,"kad žinotum veidą to, kuris šiandien žudo ukrainiečius, o rytoj ateis žudyti tavo artimųjų",0
265,Ir kaip tokį niekšas žudiką dar žemė nešioja idomu kaip jis miega naktį ar vaidenasi nekaltų vaikų žmonių kūnai ir kraujas pragaran jį greičiau,0
266,Nu abiem bus pizdiets ir visiems į juos panašiems huilam,1
267,Muša visus įmanomus ir neįmanomus rekordus fantazuoklių srityje,0
268,"aigi buvo įkelta žmonos pasisakymas, kad jis miręs, o čia jo antrininkas",0
269,"Blyn. Putka do putka jau senai nekenčiu jo..... tegu juos , kad perkūnai....tą velnią",0
270,"jis bailys,zmogzudys ir isgama,zmonijos atmata",0
271,"Kuo greičiau nusibaigtų,abu",0
272,"Visko gali būti,,,,nesistebėkime.Visos tiesos mes apie šį išg..ą mes nežinome.Kraujasiurbis",0
273,Leisti putinui numirti savo mirtimi yra neleistinas aplaidumas. Jį reikia teisti ir nesvarbu kur ir kaip. Galima teisti už akių,1
274,Jus zmones nebesvaikite pasaulis yra atvirai sakomas sudas leidziat zudyti vaikus dievas jums atlygins patikekit o cia dar tokias nesamones antrininkas kur tada yra ekstracencai ka,1
275,Abu nudeti ir nėra ką čia diskutuoti,0
276,Greiciau gala gautu ir jis ir jo antrininkas,0
277,"Sita isgama vadinti tikruoju vardu - sadistas. Fasistines putinines rusijos isgama, kuriam, ne abejoju, bus pritaikytas tribunolas.",0
278,"Šitą sadistą pakabinti žemyn galva ne už kojų, o už pautų.",1
279,"O KUR PATS NUO SAVĘS PABĖGS,KAI SAPNUOSE MATYS KENČIANČIŲ ŽMONIŲ VEIDUS",0
280,Manot tiek rusijos milijardieriu negaletu uzsakyti koki snaiperi ir ji nuzudyti,0
281,"Nu koks po galais skirtumas, jis ne jis, antrininkas, tretininkas, po biesais, žudynes sustapdykim Ukrainoje, paskui tą devyngalvį ""išmesinesim"" priviso chiromantų, ezoterikų, egzorcistų išmanančių neišmanėlių",0
282,"Ko tolyn to mandryn, prirašys jie tokių pievų ,kad baisu,yra tas Putinas ,svaigstat su tais antrininkais,kam mulkinat žmonės",0
283,Velnio isperos visi vienas į kitą panašūs,0
284,"vaikystėje šitas išgama buvo gatvės kuliganas , kurio pravardė buvo blyškioji kandis . nieko nepasikeitė kandis ir liko . dvėsk greičiau",0
285,"Pirmoj nuotaukoj-nučiulptas nedavalgęs suslikas,pinčiukas,pastumdėlis",0
286,"koks dar parazitas isigimelis, is megintuvelio, is kur pas ji gali but zmogiskumo, roboto klonas",0
287,"5 Kovo viskas vyko,Sako kad nedagiveno iki gimtadienio,kuris turejo buti kovo 14 d diena",0
288,"juk puikiai suprantame ne datoje esmė,o žiaurume.....Įdomu ar norėtumėt būti jos vietoje,kai akyse žudomi vaikai,vyrai,tėvai",0
289,"Žiauru,baisu ,neżmoniška",0
290,"Medikams- stiprybès, Dieviśkos Palaimos.",0
291,šitas nuotraukas visiems kas su ruskiais draugaut siūlė nusiųskit,0
292,"Pradėkite gelbėti mokytojus nuo vaikų o kai dar bus kanapyte laisvai, beveik laisvai, tada mokytojai begs iš mokyklų nestsisukdami",0
293,pls nužudyk ją pragaro ugnimi,1
294,"mes turėtume jį nužudyti, kol viskas neišsivers iš rankų",1
295,LTD turi būti kastruotas.,1
296,"F u c k benamiai. Žmonės, dalijantys dalomąją medžiagą, turėtų būti išprievartauti!",1
297,atėjo laikas nužudyti katę anksčiau nei užmušate vėmimą dėl kaimyno,1
298,"Aš turiu paslėptą leidimą ir, jei jis atsisakytų paleisti mano gyvūną, būčiau jį nušovęs tada ir ten",1
299,papjauti juos,1
300,Kodėl gi ne tiesiog nušauti jį ir nepadėjus į šaldiklį,1
301,aukstai juos pakarti,1
302,"Pradėčiau nužudydamas LIO, Susitnos užtvanką, Ambler kelią, Knik tiltą, Juneau g. ir naftos mokesčių kreditai. Skausmą turėtų jausti visi, įskaitant LIO užimančius honorarus ir alyvas.",1
303,"tiesiog noriu juos nušauti, nes tai yra PASKUTINĖ žmonių grupė, kurią norėtumėte supykdyti",1
304,Aš šausiu pro duris.,1
305,Nužudyk PFD ir užbaik gerovę,1
306,"Jei jie puola žmones, juos reikia sušaudyti",1
307,"Stebėk savo nugarą, Forrestai.",1
308,"Tu teisingai supratai, hemorojus, visi mirs",1
309,"Jei nepradėsite mums mokėti daugiau už nugaišusio arklio maitinimą, mes jį nušausime ir grįšime namo.",1
310,Šiam iškrypėliui turėtų būti įvykdyta mirties bausmė,1
311,išlaikyti šeimą nužudant savo vaiką.,0
312,Nužudyk ją,1
313,Kitą dieną man grasino kaimyno katė,1
314,"Jei būčiau turėjęs 0,50 kal. dykumos erelį, būčiau tą čiulptuką nupūtęs",1
315,"Atvirai pasakius, tikiuosi, kad jie visi žūsta per didžiulį miško gaisrą ir ruošiasi kaip zefyrai",0
316,"Ateik į mano namus ir nušaukite mano šunį mano priekiniame kieme, o aš nedvejodamas apginsiu savo turtą mirtina jėga",1
317,Nužudyk šį deguonies švaistymą ir jo žmoną,1
318,"Jei matyčiau, kaip traukiate ginklą ant mano šuns, šaučiau ir į jus",1
319,Norėčiau smogti jam tiesiai į tą storą veidą.,1
320,"Aš buvau skriaudžiamas, jis turėtų kabinti už kaklo iki mirties",1
321,"Manau, kad pasirodysiu su AK47 ir reikalaus, kad mane įleistų.",1
322,Jam reikia mirti... geriausia kentėti,1
323,"Nužudyk sąskaitą. Tiesą sakant, nušaukite.",1
324,"Joshua, tikiuosi, kad tavo vaikinas kalėjime tave nudurs ir leis tau kur nors numirti.",1
325,Kas nors turėtų įstumti jos veidą į košės balą,1
326,Pedofilų atmatos turi būti nušauti viešai arba sudeginti gyvi,1
327,ŠAUDYK VISUS PEDOS IR NEGERIUS,1
328,Nužudyk visus negrus ir pedofilus,1
329,"Norėčiau smogti jiems abiem į burną, tada paimti ir vėl smogti į burną kiek galėčiau",1
330,"Ir tai yra tiksli priežastis, kodėl visiems pedofilams turi būti įvykdyta mirties bausmė, jie visada grįžta prie savo nusikaltimų",1
331,Nužudyk lokius ir sustabdyk žmonių skerdimą,1
332,"Sveikas viršininkui, jei to nepadarysi, turėsiu tave nužudyti",1
333,"Aš esu viršininkas, todėl geriau stebėkite savo žingsnius, niekšai",1
334,"Gerai, mes uždėsime tą akmenį tau ant galvos, kai tau šaudys į nugarą iškėlus rankas į viršų ir tu būsi neginkluotas",1
335,Daugiau tokių niekšų reikia nušauti per jų namų invazijas,1
336,Būčiau sudeginęs namą iki žemės,1
337,Mirtis visai pop kultūrai,1
338,"Jei žmogus buvo negras, jį reikėjo nušauti, o ne kumščiu smogti",1
339,Surask juos ir nužudyk,1
340,"Jei ateisi į mane su peiliu ir aš turėsiu ginklą, aš tave nušausiu.",1
341,"Šiuos pankus reikia gerai pamušti, o paskui už plaukų traukti atgal per sieną",1
342,Jus tiesiog nušaus. Sukčiai nesilaiko įstatymų.,1
343,Laikas nužudyti tą gudrų briedį,1
344,"Šiurkštūs, bet šie homofobiški žudikai radikalūs musulmonai turi būti išnaikinti prieš išžudant mano gėjų šeimą ir draugus",1
345,ekoteroristai turėtų turėti spygliukus į kojas,1
346,"Tikiuosi, kad jis bandys išsisukti ir bus nušautas, o gal kaltins psichikos sveikatos sutrikimu",1
347,Aš tiesiog juos nužudau o tada valgau,1
348,Turime atsikratyti kai kurių senesnių respublikonų,1
349,"Bet kur kitur valstybėje kas nors jūsų regėjimo lauke yra ginkluotas ir jei grėsmingai mojuojate ginklu, kažkas jus nužudys.",1
350,"Šaudykite žmones, kurie priprato prie lokio, o ne į lokį",1
351,Norėčiau susipažinti su šia kultūra ir smogti jai į veidą.,1
352,"Žmonėms, sergantiems Meth, turėtų būti tiesioginė mirties bausmė",1
353,Kitą kartą tiesiog nušaukite jį.,1
354,"Būdama moteris, negaiščiau laiko su ginklais, jei norėčiau greitai nužudyti daug žmonių. Naudočiau „Kool-Aid“ ir nuodus – pavyzdžiui, poną Džounsą, bet kokį nešiklį ir nuodus purškimo ar pilamo pavidalu, arba bakterijas, žiupsneliu, purškiamas ant daržovių prekybos centre.",1
355,Trumpas bus sunaikintas Oregone,1
356,Pereikite ją ir galite nusižudyti,1
357,Atsikratykite Andersonų šeimos kartą ir visiems laikams,1
358,"Nieko panašaus užmigti po to, kai peiliu sumušėte tėvą",1
359,"O, dėl Dievo meilės, išmeskite juos atgal į parką kompostuoti",1
360,"Jei kas nors ateitų į mane su kirviu, o aš turėčiau ginklą, aš šaučiau. jei kas nors ateitų į mane be nieko, aš nušaučiau.",1
361,"Bet kuris iš jūsų, vaikinai, palies mano picą ir aš tave nužudysiu",1
362,Atėjo laikas sudeginti Juneau ant žemės ir išbarstyti visus tarakonus,1
363,"Nužudyk juos visus ir mums nereikės kraujuojančios širdyse žavėtis žodžiais, parašytais visuomenės nuosėdų.",1
364,"Jei šis vaikinas būtų juodas, jis būtų nušautas",1
365,Galbūt tiktų geras pamušimas plaktuku,1
366,Nušaukite pasiuntinį,1
367,Tegul visi šie beverčiai durniai nuskęsta,1
368,kai kuriems žmonėms tikrai reikia eutanazijos,1
369,"Jūs nežinotumėte fakto, jei tai trenktų jums į veidą",1
370,"Nušaukime jus dirbdami savo darbą ir pamatysime, kaip greitai judate toliau",1
371,"suapvalinkite juos, išmaudykite blusų vonioje, nušaukite ir sterilizuokite arba sterilizuokite",1
372,"Pirma, mes nužudome visus teisininkus",1
373,"Oi, blogiausia, sudeginkite juos ant laužo",1
374,"Na, Deivai, galbūt, jei mano protėviai nužudytų daugumą tavųjų, mes pasirūpintume tau sveikatos priežiūra",1
375,"daužyti lazdomis tuos vadinamuosius benamius, kol jie bijos grįžti",1
376,Kažkas nužudė gyvūną?!?!? Tą žmogų reikia nužudyti!!,1
377,"Mirties prekeiviai yra kreko, metamo ir heroino prekeiviai, kuriuos reikia surinkti, apkaltinti, teisti ir, kai jie bus pripažinti kaltais, įvykdyti mirties bausmę.",1
378,"Jei rimtai žiūrėtume į laukines kates, jas nužudytume",1
379,"Na, kas nors, prašau, nužudyk šį MF",1
380,"KVIEČIAME VISUS MEŠKUS PUKOTI TIK KRIKŠČIONIUS IR MUSULMONUS IR NEPALIKTI ŠIRDŽIŲ, AČIŪ LOKIAI",1
381,Nužudyk netikintįjį,1
382,"Jie turėtų būti sugrąžinti į Afrikos žemyną, kad galėtų elgtis kaip laukiniai ir būtų patogu vienas kitą mirtinai nulaužti mačetėmis.",1
383,Tuo daugiau priežasčių juos nužudyti,1
384,"Džiaugiuosi, kad manęs ten nebuvo, būčiau ją nušovęs savo CCW.",1
385,"Sumokėsiu 500 USD, kad kas nors išeitų ir jį sunaikintų.",1
386,Paskelbk savo vardu arba ateik į mano namus ir pavadink mane gleivių kamuoliuku; Aš tiesiog norėčiau išmesti tave iš vėžių.,1
387,"Žmonės šioje žemėje taip pat yra parazitai, bet ar jūs taip pat pasisakote už jų eutanaziją? Nes turiu sąrašą žmonių, kurie turėtų mirti.",1
388,"ant uolų turėtų būti snaiperis, kuris iššautų įspėjamuosius šūvius į šiuos protinius niekšelius.",1
389,"Nukryžiuokite vieną iš varmintų ir palikite prie dėžės, prikaltos prie kryžiaus su įspėjimu „Išdykę asmenys bus nubausti“",1
390,Grasina žmonėms ir policijos pareigūnams ginklu? Šaudyti juos.,1
391,Tu mane nušausi. Aš tave nušausiu.,1
392,įkišo sparnuotąją raketą tiesiai jam pro kaktą,1
393,Taip pat reikėtų kastruoti!,1
394,"Kiekvienas, kuris uždega šunį, nusipelno kulkos į galvą",1
395,Duok jam sušaudymo komandą dabar,1
396,"Geras dalykas tiems, kuriems reikia atlikti viešąją paslaugą – surinkite juos ir sudeginkite",1
397,Jam turėtų būti įvykdyta mirties bausmė. Vaiko prievartavimas... nusipelno egzekucijos. Bet koks išžaginimas... nusipelno egzekucijos,1
398,Jis turėtų būti sudegintas ant laužo... tris kartus,1
399,"Tiesiog nužudykime juos, kai tik jie bus apkaltinti",1
400,nustok skleisti netiesą šūdą arba aš tave įskaudinsiu,1
401,Užrakinkite jį ir išmeskite raktą,1
402,"Geriau daryk tai, ką sakau, berniukas, kitaip tau bus rykštė",1
403,"Jis ketina nužudyti beglobį šunį. Jis iššaus gyvą pragarą iš to uodegą vizginančio šuns, kuris kėsinasi į jo nuosavybę",1
404,"NužuPakabinkite šį niekšelį aukštyn kojomis virš karštos ugnies, palikite jį ten ir vadinkite gerudyk prekiautojus, kaip tai padarė didysis Filipinų prezidentas! Palaidokite juos tundroje",1
405,"Niekšai. Tikiuosi, kad jie juos sugaus ir išmuš iš jų šventą žievelę.",1
406,"Jei esate spalvotas žmogus, žaislinis ginklas gali jus nušauti. Arba jūsų piniginė, kad parodytumėte asmens tapatybės dokumentą.",1
407,Kai kuriuos žmones reikia nužudyti..Jie nėra geri ir neturi gyvenimo tikslo,1
408,"Man 72 metai. Turiu jums, pankams, naujienų, įsilaužkite į mano namus ir aš jus nusausiu.",1
409,Nukirsiu tau galvą kepurei nukritus.,1
410,"Jei būčiau tokiame gaubte, pirmiausia šaučiau, o tada pažiūrėčiau, kas nutiktų, jei kas nors įspardytų mano duris.",1
411,"Darykite tai, ką dauguma policijos padalinių nori daryti, kai kas nors nevykdo įsakymų: nušaukite jį mirtinai",1
412,"Spėju, kad kitoje eismo stotelėje jus nužudys pareigūnas",1
413,Aš sudeginsiu tavo namus,1
414,"Jei bus pripažintas kaltu, pakabinti nuo kaklo iki mirties viešoje aikštėje",1
415,"Jei į juos šaudo, TAIP, jie turi juos nužudyti, o ne sužeisti",1
416,"Žinoma, aš būčiau pirmas eilėje, kad nužudyčiau vergų prekybininką",1
417,Pakarkime jį vidurdienį už šalies išdavima. Jis išdavikas.,1
418,"jei mūsų vaikai iki vienuolikos metų negali kam nors nukirsti galvos taip gerai kaip ISIS vaikas, tada jiems turi būti nukirstos rankos",1
419,"Lengvas sprendimas užkirsti kelią siautėjimui keliuose: mirties bausmė tiems, kurie atsisako naudoti mirksėjimus",1
420,"Mano vardas Pranciškus, bet uragano ekspertai mane vadina Metju. Bet kuris iš jūsų vadins mane Pranciškumi, aš tave nužudysiu. Paliesti mano daiktus? Aš nužudysiu tave. Paliesk mane? Aš nužudysiu tave.",1
421,"turime pradėti kabinti blogas kiaules ant medžių šakų, kad išsiųstume žinutę",1
422,"Kai jis neišeidavo su manimi – aš dariau dalykus – tai nebuvo labai malonu... Tu gailėsiesi, kad kada nors gimei.",1
423,"Šventoji karvė, aštuoni ruoniai vienuoliai mirė nuo laukinių kačių ekskrementų. Nužudykime visas tas bjaurias kates",1
424,"Taip, katės yra blogos. Nužudyti juos visus",1
425,"Tikiuosi, kad pažeidžiate mano turtą, tai duos man priežastį nušauti tau užpakalį.",1
426,Kai kuriems vyrams tereikia gero dūrio. Tai jiems parodys,1
427,"Turiu pradėti šaudyti į šiuos vagis! Nusikaltimas turi turėti pasekmių, kitaip tai tęsis",1
428,"Aš sumuščiau bet kurią jauniklį, kuris miegotų su mano vyru",1
429,Sudegink šaulį elektros kėdėje!,1
430,Pasodinkime šį žudiką į kalėjimą.,1
431,PAKARk JĮ VIEŠOJE AIKŠTĖJE IR PRIVERsK ŽMONES TAI ŽIŪRĖTI!,1
432,"Sutinku, atimk jam gyvybę",1
433,Dabar ištraukite jį atgal ir įmeskite kulką per galvą,1
434,Bet palaukite – jis galėtų TAVE nušauti tame miesto kvartale liudininkų akivaizdoje... ir jis nepraras balso,1
435,"Mums visiems būtų geriau, jei įvykdytume jam mirties bausmę",1
436,"bet kadangi pas mus to nėra čia Ak , tai su bet kokia sėkme kas nors kalėjime jį pakartotinai išprievartaus ir nužudys",1
437,"nustokite vadinti jį kvailiu arba aš jums parodysiu, koks yra skausmas",1
438,Palieskite mano Tax Free taupomąją sąskaitą ir jūs mirsite,1
439,"Peilis aplink gerklę, kol jis nukraujuoja",1
440,Jie turėtų tave pakarti kartu su tuo žudiku,1
441,"Nemanau, kad jie jų valgo, tiesiog nužudo, susmulkina ir išparduoda dalį",1
442,"Pulsiu visus, kurie ką nors gero pasakys apie Hillary Clinton",1
443,Per kvaila balsuoti! Užmuškime šiandien briedį.,1
444,"Jo liguistas nutukimas sugrįš, kad jį persekios ir nužudys",1
445,Sugadinkite aplinką! Išpilkime aliejų visur ir nužudykime visus mažuosius paukščiukus ir ruonių jauniklius!,1
446,Būtų smagu surasti panką su šikšnosparniu ir juo išmušti jį iš šalies,1
447,"TRUMPO MIRTIES SQUADS™ užmuš jūsų močiutę, kai ji pirmą kartą sulauks uostymo",1
448,Aš taip pat. Šaudyti jiems visiems į galvą ir spardyti į griovį. Užtenka šito besitęsiančio mėšlo,1
449,"Atplėškite jiems sprandus ir įmeskite į upę, sutaupykite mums visą laiką ir pinigus, kai 4–5 kartus šokame tą patį šokį, kol jie ką nors nužudo.",1
450,Mirties bausmė už šį supuvusį žmogaus pasiteisinimą,1
451,Sudegink užpuoliką. Tai nepriimtina.,1
452,"Ar kas nors prašau nušauti į tą daiktą, kol jis ką nors nužudo.",1
453,"Gėdinga nedora senolė. Turime ją sunaikinti, kad visi, tokie kaip ji, liktų savo vietose.",1
454,Šie žmonės turėtų būti nušluoti nuo žemės paviršiaus.,1
455,"taip, tiesiog nušaukite šį vaikiną. byla baigta.",1
456,"Turėčiau iššaudyti kiekvieną savo šaunamąjį ginklą ir, jei reikia, padėčiau panaudotą sviedinį. Redneck draudimas.",1
457,Geriau atsikratyti liberalų ir išlaikyti senatą.,1
458,"Puikus propagandinis kūrinys, protestuotojai buvo agresyvūs, bet mes gražiai į juos šaudėme ir bandėme sušaldyti mirtį.",1
459,"Tegul visi kenčia taip, kaip kentė kitus visais atžvilgiais. Tegul kiekvienas žmogus ištveria kančias, kurias tyčia sukėlė kitiems.",1
460,"Tikiuosi, kad jie sugaus šį žudiką ir iššaus į pakaušį",1
461,"Mano amunicija prasiskverbs ne tik į kaimyno namus, bet ir į kaimyno namus.",1
462,"Norėčiau sumontuoti transporto priemonę su vinių bombomis, kad sprogtų, kai kas nors įjungs garažo durų atidarytuvą. Pastatykite važiuojamąją dalį ir paleiskite „GoPros“, kad įrašytumėte įvykį.",1
463,"Gerai. Peilis jų padangas. Manau, kad pirmiausia šaučiau kojomis, jei šeima būtų aiški",1
464,"Jei tie berniukai būtų atėję į mano namus, jie dabar būtų mirę. Tikiu, kad tai yra būtent tai, ko jie nusipelnė.",1
465,"Nebus gyvybės kalėjime, jei šie banditai įskris į mano namus. Jie bus mirę.",1
466,"Hilliary turėtų būti patrauktas baudžiamojon atsakomybėn, turėtume naudoti kankinimus ir galime naudoti šiek tiek daugiau globalinio atšilimo, šiandien ryte 3 laipsniai!",1
467,"Nušaukite juos dažų kamuoliukais, užpildytais atspindinčiais dažais. Galbūt nepavyks, veiks, bet kaina būtų minimali, palyginti su tvoromis ir šviesomis.",1
468,"Norėčiau, kad jis vis dar būtų gyvas, kad galėtume jį nužudyti.",1
469,"Bent jau niekas nežuvo, išskyrus šaulį. Tikiuosi, kad Trumpas bombarduos kitą musulmonišką šalį",1
470,Spardykite meluojančius vagis niekšus politikus,1
471,"Įsigykite vaikams tazerį, kai jiems bus 2 metai, rankinį ginklą, kai jiems bus 4 metai, šautuvą, kai jiems sueis 6 metai, ir Gatlingo ginklą, kai jiems sueis 8 metai. Juk tai YRA Amerika... šaudykite! Nužudyti",1
472,Nuspirkite juos į bortelį ir atleiskite  iš jų pensijų.,1
473,nušauti į jį ir nupjauti nosį.,1
474,"Daugelis žmonių, kuriuos visa tai nukentės, yra respublikonai",1
475,"Tikiuosi, kai jis bus nužudytas kalėjime. Rimtai. 16 metų ir fiziškai bei seksualiai užpuola atsitiktinį bėgiką",1
476,Kinder Morgan ir Kinija ateina juos visus nužudyti,1
477,Sudegink jam stulpą už jo piktžodžiavimą,1
478,tokias šiukšles kaip ir jūs turėtumėte sudeginti,1
479,Kartais kenkėjai turi būti nubausti,1
480,Turime pašalinti šiuos žmones iš visuomenės.,1
481,Visiems jiems reikia šauti į galvą ir panaudoti meškos masalui,1
482,Tai atostogų metas. Pakabinkite jį už jo žvangėjimo kamuoliukų,1
483,"Jei jie nužudytų mano vaiką, kiekvieną iš tų pankų ištiktų toks baisus ir skausmingas likimas, kol galiausiai paprašytų manęs nutraukti jų bevertį gyvenimą.",1
484,"Maži banditai, kurie, tikiuosi, bus nužudyti kalėjime po to, kai buvo išprievartauti",1
485,"Perpjaukite šiai kalei gerklę! Vienas vaistas, viena kulka",1
486,Kai kurie pėstieji nusipelno būti partrenkti ir sutraiškyti,1
487,"Nupjaukite jiems rankas ir kojas, kad įsitikintumėte",1
488,"čia tikiuosi, kad dem apleis tau veidą naudotu vystyklu",1
489,Taigi išmeskime kūdikį su vonios vandeniu,1
490,"Nužudyk juos visus, taip pat ir nevertingus tėvus! Žemės mėšlas šios priekabos žiurkės",1
491,"Ji netiki, tad sudegink! Ji gali būti net ragana. Ji pavertė mane tritonu! Sudegink ją, sudegink!",1
492,"Ir jei jie ateis į mano namus, jie bus banditas su skylutėmis",1
493,"Jie visi nusipelnė mirties, gaila, kad galime juos užmėtyti akmenimis miesto aikštėje",1
494,"Su šiuo gyvūnu reikia elgtis nei geriau, nei blogiau nei su šunimi, kuris puola vaiką. Jis turėtų gauti kulką į galvą",1
495,"Atsargiai, ko prašote. Kai kas gali norėti, kad tave surištų ir įkištų į bagažinę ",1
496,"Gerai, sumušk jį vieną kartą ir išmesk jo daiktus",1
497,Nužudyk juos visus. Narkomanai yra nevykėliai,1
498,"Rusija turėtų tęsti bombardavimą, kol visi teroristai išžus",1
499,Visiems Viduriniams Rytams reikia branduolinio ginklo. Dabar,1
500,"MANAU NUOSTABU, KAD JIE VISI miršta, JEI GALĖČIAU DUOTI TIEMS BEŽMĖMS JUOS NAUDOJANČIŲ TILIKULIŲ",1
501,"IR TIKIuosi, kad MERAS TAIP PAT VIENĄ GAUS",1
502,"kaip tu žinai, tu būsi miręs gerokai prieš tai",1
503,"pranešk man, kai tapsi našta..Aš norėčiau paspausti gaiduką už tave",1
504,"taigi ar galiu užlipti tau ant galvos, jei kitą dieną atsiprašysiu. Leiskite jai suktis",1
505,"Jei mažumos yra nusikaltėliai, taip, man patinka kalbėti apie jų žudymą",1
506,Sprendimas – sunaikinti ISIS ir kitas islamistines ideologijas,1
507,"O mano, tu bandai įnešti sveiką protą į naują religiją. Pasiruoškite būti sudeginti ant laužo",1
508,Mes jus paskersime kaip kiaules,1
509,Jūs grasinate jį sumedžioti ir įvykdyti mirties bausmę?,1
510,"Vienintelis teisingumas čia būtų, jei kiekvienas iš jų būtų išprievartautas kalėjime, o paskui žiauriai sumuštas iki mirties",1
511,"Žmogui, kuris ką nors nužudė, tiesiog įvykdyčiau mirties bausme ir daug humaniškiau.",1
512,Sumušti jį iki mirties ledo ritulio lazda,1
513,"Nuplėščiau jam kamuoliukus, kol jis apie tai net nesužinojo.",1
514,Ruošiamasi kitoms žudynėms Idlibe,1
515,"Pradėtume nuo tavęs ir pažiūrėtume, ar tai atgraso nuo žudymo.",1
516,"Aš esu amoseksualus konservatorius ir manau, kad visi bandytojai turėtų būti išrikiuoti ir sušaudyti",1
517,"Tikiuosi, kad niekada rimtai nesusirgsi, nes mirsi",1
518,"O gal nudurta, mirtinai nulaužta mačete ar partrenkta transporto priemone.",1
519,"Jie yra teroristai, todėl juos reikia bombarduoti, o ne kalbėtis.",1
520,Galbūt mes visi turėtume tiesiog nužudyti visus nusikaltėlius,1
521,Pirmas žingsnis į „namą“ tave užmuš!,1
522,Šaukite jam į kepenis ir leiskite jam iškraujuoti.,1
523,"Ir išskersti ten jau gyvenančius žmones, kurie turi kitokias vertybes",1
524,"Nekankinkite jų, tiesiog įmeskite kulką į galvą. Byla baigta.",1
525,"Tikimės, kad visi apgailėtini žmonės, kurie balsavo už Hillary, bus atskleisti ir kankinami neribotą laiką",1
526,"Parodykime pasauliui, kad turime drąsos įvykdyti mirties bausmę psichiškai sergančiam kovos veterinarijos gydytojui",1
527,"Jei būčiau Trumpo atsiprašymas, tikriausiai nušaučiau ir pasiuntinį.",1
528,"Taip! Mums labai reikia didelio karo! Reikia mažinti gyventojų skaičių žemėje. Per daug amerikiečių, kanadiečių, kinų, indų, japonų. Nužudyk daug jų!",1
529,"belieka tikėtis, kad jis nusižudys iki mirties. arba nušautas pernešime.",1
530,"Suplanuokite savo amputaciją dabar, kol vyriausybė nenukirs jums galvos.",1
531,"pakeisti vyriausybę. spardyti liberalus į bortelį, kad ir kur jie pūliuotų",1
532,durti į nugarą liberalus balsavusiems Albertiečiams,1
533,"Trudeau turėtų būti plakta, kad turi tokį",1
534,Vis dėlto būkite pasirengę būti nušautam.,1
535,"Nužudykime daugiau Kanados vaikų. Pagalvokite apie visus pinigus, kuriuos sutaupytume",1
536,"Jei pamatysiu, kad kažkas niokoja mano turtą, atsakysiu su kaupu.",1
537,"Jei mes jų nenužudysime, padarysime juos stipresnius",1
538,Išdulkink savo mamą ir velk savo mandagumo standartus! Jūs apgaudinėjate save su savo pretenzingais standartais ir tikriausiai turėtumėte nusižudyti,1
539,"Gerai, ką jūs visi sakote, laukiame, kol jį nužudys, kol pasibaigs teismas?",1
540,"Aš buvau Dievas, ir kai tu ateisi prieš mane galutiniam nuosprendžiui, aš nukirpčiau tavo penį, o jei esi moteris, susiuvau tavo pusę.",1
541,"Tikiuosi, kad susirgsi vėžiu ir mirsi",1
542,"Aš atimu Ameriką iš korumpuotų! Turtingas! Ir aš grąžinu tai jums, MANO žmonės. Bus pralietas kraujas!",1
543,"Tu turi mirti dabar, kale, už tai, ką padarei tai vargšei nekaltai mielai mergaitei",1
544,"Gleivi? Demokratai ir teroristai yra praktiškai tas pats dalykas. (nužudyk juos visus), tada turėsime taiką ir gerovę.",1
545,"Nepažintum protingo, jei jis priėjęs trenktų tau į galvą, o aš mielai tai padaryčiau, jei tai padėtų.",1
546,"žudyti ligonius, kad sutaupytum pinigų, kai trudeau išleidžia milijardus sirams",1
547,"Galbūt turėtume tiesiog nušauti meksikiečius, o ne tik pastatyti užtvarą",1
548,"Šis šūdas nenuslūgs tol, kol kas nors nenušaus vieno iš šių niekšų",1
549,Kiekvienas iš jų turi būti nušautas kelis kartus,1
550,"Pats laikas panaikinti gerovės valstybę, o jūs, kraujuojantys liberalai, turėtume išmesti YU su jais",1
551,"Maža mergaitė su ženklu taip pat mano, kad homoseksualai turi būti žudomi, Izraelis ir žydai turi būti išnaikinti, krikščionims gali būti nukirstos galvos, o moterys, įskaitant ją pačią, yra vyrų, kurie gali juos mušti, nuosavybė.",1
552,Mums reikia daugiau šaudymų remiantis šiais protestuotojais,1
553,"Žudikai turėtų būti sunaikinti, bet tai buvo vienas iš daugelio",1
554,"Tai reikštų, kad musulmonams vykdytume mirties bausmę, nukirsdami jiems galvas arba sudegindami juos gyvus geležiniuose narvuose.",1
555,"Krūva liberalų ir demokratų, kurie elgiasi kaip teroristai... nužudykite juos, jie yra teroristai !!!",1
556,Tas pats pasakytina apie bet kokius kelius blokuojančius protestuotojus... pervažiuokite juos arba nušaukite!!! Jie yra teroristai!,1
557,"Manau, kad smogti naciams iš tikrųjų yra geras dalykas.",1
558,"how about hang Sarkozy by the balls and keep him alive and hanging at the  seaside with the poster -"" it will be with anyone who violate international laws and borders",1
559,Ar galiu turėti garbės nupjauti tau galvą nuo kaklo?,1
560,"o jei iškviesi policiją, mes tave nušausime.....nes mes antimeksikiečiai",1
561,"Padaryk tai arba jis tave nužudys, manau.",1
562,Taigi pasiturintys gali gauti priežiūrą ir gyventi ilgiau. Vargšai tiesiog turi mirti. Gaila. Tarnauja jiems kaip vargšas.,1
563,Miegok su manimi arba aš tave nužudysiu.,1
564,Mirtis neapykantos jėgoms,1
565,"Mirties bausmė prievartautojams, ypač pedofilams.",1
566,"APD Aš tave myliu, bet tu turėtum nušauti šį šiukšlių maišą ir sutaupyti mums šiek tiek pinigų...pateik jam kaltinimą dėl pasikėsinimo nužudyti.",1
567,"Linkiu, kad visi pedofilai būtų nužudyti! VISI!",1
568,"Liberalai turi būti nubausti už savo apgaulę, aš esu labai geras.",1
569,"Jis turėjo kažkam nupjauti galvą ir suvalgyti smegenis, kad išlaisvėtų iš kalėjimo kaip paukštis.",1
570,"Tikiuosi, kad jis ir kiti automobilių vargai tai perskaitys, aš tave nušausiu, jei pagausiu vagiantį automobilį, tada iškviesiu policiją. Nesijaudink, kad nepateks į kalėjimą, aš pasodinsiu tave į KAPUS",1
571,"Jei paliesite vieną baltą vaiką, mes paversime jūsų gyvenimą pragaru.",1
572,Jei tik kas nors tave išvalytų.,1
573,"Jei galėtume tiesiog nuplauti keletą mėšlungių, tokių kaip Kenas, šalis būtų pakeliui į sveikimą.",1
574,"Kiekvienas, pagautas nutekėjęs, turėtų būti apkaltintas išdavyste ir, jei bus nuteistas, nušautas kaip išdavikas.",1
575,Trumpas jau seniai būtų nušautas,1
576,"Kiekvienas kanadietis, nusipirkęs nors vieną amerikietišką šlamštą, turi būti išvežtas ir nušautas.",1
577,"Turime pradėti žudyti visus, atvežančius į JAV nelegalius stipriuosius narkotikus, jie žudo Amerikos jaunimą, jie yra teroristai ir nusipelno MIRTIES",1
578,"Sakau, nužudykite juos už mūsų vaikų ir šeimos nužudymą.",1
579,"Taip pat turėsite nužudyti Clintonus ir Obamas už tai, kad jie bendradarbiavo su Big Pharma dėl šio vaisto spaudimo piliečiams ir turi tikrai niūrią sistemą, kad būtų galima keliauti per kelias valstijas ir užpildyti daugybę receptinių buteliukų naudojant tik vieną gydytojo lapelį.",1
580,Į bažnyčią susprogdinkite ašarines dujas ir ištraukite šį nusikaltėlį sukaustytą,1
581,"Nelegaliems imigrantams netaikomas privilegijuotas tinkamas procesas, nes jie nėra piliečiai. Mesti juos per sieną",1
582,"Vienintelis dalykas, kuris sulaikys Burke'ą nuo jo beprotiško elgesio, yra mirtis.",1
583,"Jie turėtų suvynioti jį į baltą paklodę ir nustumti į vandenyną, kaip tai padarė su bin Ladenu. Byla baigta.",1
584,"Spardykite jo vaikus, kai jis nežiūri.",1
585,Apnuodyti jo žmoną.,1
586,"Nužudyk juos visus, Dievas tikrai žinos savuosius",1
587,"Tikiuosi, kad šio pastato gyventojai niekada neturės ramybės; Tikiuosi, kad kiekvieną kartą įeinant ar išeinant prie jų priekabiaujama. Ir tikiuosi, kad viešbutis ir susiję restoranai bus masiškai boikotas.",1
588,"Sveiki, gražūs Aliaskos gyvūnai ---- nužudykime juos, ypač kai jie yra savo guoliuose. Kaip jie drįsta egzistuoti mūsų pasaulyje, jie sutrikdo mūsų egzistavimą.",1
589,Kada nors nušausiu vieną iš tų ir pastatysiu ant savo sienos.,1
590,"Atsikratykime šių rusų, tų, kurie stato šitą šlamštą, kurį jie vadina namu.",1
591,"Kiekvienas, kuris nukreipia ginklą į sniego valyto mašiną, turi būti nušautas. Visuomenei nėra jokios priežasties tai toleruoti.",1
592,"Nes PC budėtojai jį tiesiog uždarė. Jei pasakysite neteisingai arba su jais nesutiksite, jie jus nužudys!",1
593,"taip, jie nukirs tau galvą, todėl turime kovoti su islamofobija",1
594,"Jam niekada neturėjo būti leista sumušti, o vietoj to turėjo būti įvykdyta greita mirties bausmė.",1
595,"Bigotai / rasistiniai žudikai turi būti nuteisti už savo baisų nusikaltimą iškart mirties bausme. Jokių apeliacijų, tik greita mirtis.",1
596,"Visi jūs, žmonių garbintojai, turėtų dėti savo pinigus ten, kur yra burna, ir pasimylėti su AIDS sergančiu juodaodžiu afrikiečiu ir pamatyti, kaip jums tinka daugiakultūriškumas.",1
597,"Jei tavo alus stovės 6 mėnesius, pirmiausia turėčiau tau antausį.",1
598,Pririškite Trumpą prie nosies kūgio viršaus ir nusprogdinkite raketą.,1
599,Teksase šis piktadarys būtų nušautas.,1
600,Už nusikaltimus jai turėjo būti įvykdyta mirties bausmė.,1
601,Šventvagystė!!! Caldwellas užmuštų jus akmenimis už tokį šmeižikišką pareiškimą!,1
602,Tu mirsi...kam vargintis statant namą,1
603,"Jei Arnoldas daužytų Donaldo Trumpo veidą į stalą, atsirastų oranžinė dėmė.",1
604,"Mokėčiau tikrus pinigus, kad žiūrėčiau, kaip Arnoldas „daužo veidą į stalą“.",1
605,Cituojant žvalgybos agentą apie Trumpą: „Jis mirs kalėjime!,1
606,Sumedžiokite šiuos žudikus. Besąlyginis pasidavimas arba mirtis. Tvirtas ryžtas. Jokio blaškymosi.,1
607,"Šaudykite, kad nužudytumėte arba būtumėte nužudyti.",1
608,Tu teisus. Užteks šiukšlių iš Norkų. Laikas parodyti jų pavyzdį. Nužudyti juos visus.,1
609,"Kaip elgtis su vaikais, kurie nori jus nužudyti? Lygiai taip pat, kaip elgiatės su suaugusiais kareiviais, pirmiausia nužudykite juos, kol jie jus nužudys.",1
610,Pakarti narkotikų prekeivius aikštėje,1
611,"Puiki Angela! Smūgiuokite kitai merginai į veidą, tada spyrite jai į pilvą. Tada pažiūrėkite, ar galite sugadinti ją visą likusį gyvenimą. Tai būtų nuostabu.",1
612,"Jis mirs ilgai, kol jo nepasieks natūralios priežastys.",1
613,"Spyris jai į pilvą, Angela! Tada trenk jai į veidą. Stenkitės padaryti kuo daugiau fizinės žalos merginai. Taip! Sudaužyk jai nosį...",1
614,"Jei randu mano namuose klaidžiojantį svetimą vaikiną, aš tikrai jį nušausiu. Jei namas yra užimtas, tai ne „įsilaužimas“, tai „įsilaužimas į namus“.",1
615,Kelios gyvenamosios vietos? SUDEGINKITE RAGANĄ!,1
616,Ir tada mes juos nušluostytume iš žemėlapio.,1
617,"Omarui Khadrui turėjo būti įvykdyta mirties bausmė, o ne nemokama medicininė operacija.",1
618,"Atleiskite tą nevykėlį, įveskite ką nors su gera galva ant pečių, argi tas generolas Flinas neturi laisvų galų?",1
619,"Jei Trumpas tai padarytų, progresyvūs rinkėjai jį nukryžiuotų.",1
620,Nužudyk jį ir palaidok amžiams dar net neprasidėjus.,1
621,"NARKOTIKŲ PREKYBININKAI YRA ŽUDYKLĖS IR TERORISTAS, nužudyk juos visus",1
622,Kodėl gi tu tiesiog jam nepapūtus ir atsibaigius.,1
623,"idiotai, demoratai, visada iškraipo žodžius taip, kad kiti žmonės skambėtų neišmanėliai, o iš tikrųjų jūs esate didžiausia idiotų grupė pasaulyje. Nekantrauju jus visus nužudyti!",1
624,"Uždaryk jį 10 metų, tegu miršta kalėjime",1
625,išžudykime visus baltuosius ir visi bus laimingi.,1
626,"Londono bobams reikia ginklų. Duok jiems tai, kas geriausia. Jie to nusipelnė. Teroristai ateina. Visiems nuteistiems teroristams įvykdyti mirties bausmę. Jie nori mirti.",1
627,"Aš žinau, koks yra sprendimas. Kodėl mums tiesiog nenužudžius visų vyrų?",1
628,Tiesiog uzmuskite niekšelį.,1
629,"P. Stefanskiy turėtų gauti galutinę bausmę, mirtį nuo injekcijos",1
630,"Kas būtų geriau, jei galėtume tai išmušti",1
631,"Gerai, kad jie nusižudo, kaip tai daro Azijoje.",1
632,Išnaikinti juos visus.,1
633,"Kalėjimų įprasta, kad prievartautojai muša ir prievartauja. Nužudyk ir žudikus. Atsipalaiduok. Jis numes daugiau svorio, nerimaujantis, kai peilis bus smeigtas iš nugaros.",1
634,"įsmeikite peilį į kairę kaklo ar širdies pusę, istaskydami smegenis ginklu ar šautuvu",1
635,"Trumpo bičiulis Putinas. Jei negalite sustabdyti jų nuomonės, nužudykite juos.",1
636,"Visi nelegalai turėtų būti sugriebti ir kuriam laikui įkalinti darbo stovyklose, kol jiems bus suteiktas batas, įskaitant jų palikuonis!",1
637,Tada ateina partizaninis karas ... bomborduoti Londona.,1
638,O kaip nužudyti PFD visiems Ankoridže,1
639,Kažkada reikėtų prie vieno iš jų įdėti žiebtuvėlį – jis dega mėlynai.,1
640,Apverskite jį ir spardykite į  seklides.,1
641,"Tikiuosi, kad užspringsite nuo užteršto vandens",1
642,"Nuoširdžiai tikiuosi, kad prasidės karas, tada galėsime legaliai atsikratyti jūsų, be stuburiu kairiųjų",1
643,nupjaukite jam nykštį.,1
644,"Jei į mane smogtų pitbulis, būkite tikri, kad taip pat šaučiau, jei turėčiau ginklą.",1
645,arba galime tiesiog paimti plaktuką ir smogti juo koziriui per galvą. Galbūt tada atkreiptume jo dėmesį.,1
646,"Jei jis grįš, mes turime priversti jį paklusti.",1
647,"Nepamiršk ir dviratininkų pervažiuoti, Diki",1
648,"žudyk savuosius ir tada sakyk, kad tau reikia žmonių, o tada įvežk legalius ar nelegalius pabėgėlius/imigrantus",1
649,Wtf? Nušaudk jį jau!,1
650,Jeigu ir kažką gavo tai tik patys dar savarinkiški įdėdami savo įdirbio,0
651,Rekomenduoju Techninė pagalba kelyje Automera ras sprendima visą parą,0
652,"tai ar motociklas ar motoroleris vieni taip raso kiti taip aisku nieko jau nekeicia , tik uzuojauta",0
653,"Bet jau Delfi nusirašot juodai , kur jie suko. Jie tiesiai važiavo, mergina sąmonėje buvo ir sakė, kad mašina pamaišė. Ten tuoj vietoje galima buvo tik nuvažiuoti iš aplinkkelio.",0
654,"Užuojauta mirusio artimiesiems, labai gaila, kad nepavyko išgelbėti gyvybės",0
655,"Ir ivykis buvo ne sestadieni, o penktadieni!",0
656,Nu iskrypeliai,0
657," iškrypelis esi tu,jei pažeidineji taisykles ir ju bijai",0
658,"ne iskrypus tu esi,tuno kauše sėktoj ir ale protingas mintis reiškia savas",0
659,"ai nevažinek jei bijai,švesk šventes ir ger,KAUŠELI",0
660,jie nenurims kol nepaims,1
661,eisingai dirba savo darb,0
662,"Žmonės savo darba dirba, taip užpisa visus jie, bet jei prisiseges važiuoji ir nevalgai tai pajibat nieko neužfiksuos",0
663,Nepagausite jus vaikio vistiek,0
664,"Šaunuoliai,dirba savo darba",0
665,Laimėjau šokoladuką,0
666,Daugiau ir nesitikėk gerai dar ir sokoloduka,0
667,Bl tai pazimekit kiasinais,0
668,"ką tuo nori pasakyti,save išstatydamas su sovietų armijos uniforma",0
669,Velykų rytą Panevėžyje rasti net aštuoni automobiliai nulaužtais veidrodėliais,0
670,"Kažkada sakė ,kad turim ir naftos ir dujų",0
671,O druską perka kelius žiemą barstyti,0
672,Deja.Eiliniam žmogui Lietuvos turtai nepriklauso.,0
673,Kažkoks debilizmas su ta druska prasidėjo. Jau daugiau bėdų neliko ant Lietuvo,0
674,"Lietuvoj viskas visada draudziama ir viskas visada su trukdziais,bananu respublika.",0
675,"Pats pirmas straipsnio sakinys klaidinantis. Rusija NEPASKELBĖ karo Ukrainai, o užpuolė iš pasalų.",0
676,"Kad mums netinka, tai dar nereiškia, kad TIKRAI netinka.... Labai jau geri specai esam",0
677,isiems užteks druskos dabar ne vatniko laikai,0
678,"Parduokim rusijai, o tada tegul užsi.",0
679,Nu dabar rūsiuose stūkso druskos klodai,0
680,Truputis zvyro bet nieko. Valgoma,0
681,As pasirenku po ziemos. Susisluoju,0
682,"Jus rimtai , žmonėms pinigų nėra už elektrą sumokėti , už šildymą , o jus apie druska rašote",0
683,"Nu viskas aišku, dauguma ekspertų nebaigė net 8 klasių jei sutinka su tokia skurdžią vietinia nuomone",0
684,Keisti zmones. Norint padudyt lasinukus reikia iskart 1kg. druskos.,0
685,Ohoo pnvz taip ir jau medžiai suzaliave,0
686,Čia parodo kokie profesionalūs vairuotojai pas mus lietuvėlėj. Senai jau mačiau sveikus tuos šlaugbaumus.,0
687,"Neaišku, kuo girdo šis baras, kad po kelių bokalų nebepaeina..arba keturpesti slenka ir vemia už kampo....nebe pirmas kartas",0
688,"Aš nesuprasiu žmonių gal tu kuriem negėda ,eiti ir filmuoti tokius...nu blm tegul guli,a pas tave a tavo kieme",0
689,"gal ne tavo kieme, bet viešoje vietoje, kur padorūs žmonės su vaikais vaikšto. Gulėti ramiai gali namuose.",0
690,"kai tokia saule, negali nesidegint",0
691,"Normaliai, oras grazus, dzentelmenai ilsisi.",0
692,"Svarbu ,kad pas ponia kuprinė Slava Ukraina Šventes reikia švesti",0
693,"Bara filmuok kuris parduoda gerimus girtiems, o ne zmone",0
694,Neturi teisės taip filmuoti žmonės ir viešinti jeigu ką,0
695,nusikaltimą darančius galima filmuoti. Šlaistytis girtam viešoje vietoje - nusikaltimas.,0
696,"Nieko blogo nedaro, nepavydėkite, šventes reikia švęsti.",0
697,"edos lenta,su vaiku ejau...ka reikejo paaiskinti",0
698,"Liūdna ir graudu...nemoka žmonės švęsti, neturi saiko, suvokimo, suopračio...suaugę žmonės..",0
699,"Labai keista, kai užuot pagalbos tik pajuokos.. stipri ta visuomenė, kuri sprendžia ir gydo problemas",0
700,"Kokios pagalbos? Pastovūs lankytojai,vargšai,kurie net nesupranta,kad juos las dieną nuodija",0
701,ne jie tsg lochai,0
702,"nu i mean, as turiu drg is savo grupes",0
703,"Nežinau ant kiek reikia buti ""padaru"" kad tai viska filmuoti ir deti i fb ",0
704,"Pavasarinis Covidas taip trenke, kad isgriuvinejo",0
705,"Jooo mačiau kaip ji dar spardė i galvą,gulinčių numuša",0
706,oks gražus vyras buvo... Reikia žmogui padėt,0
707,"Ką reiškia, jeigu bus nepakaltinamas įpareigoti gydytis? Tai jį kažkas stebėtų, kad gydosi?Ar paleistų ir daryk ką nori, tokie patys nesupranta, kad jiems reikia gydytis, čia neįpareigojimas turėtų būti, o priverstinis gydymas ir atskyrimas nuo visuomenės.",0
708,"Šaunuoliai,tegu skęsta savo š.... išgamos kacapai",1
709,Pirma visą valstybės biurokratinį aparatą iki minimo sumažykit ir jų algas,0
710,"keisti daug ką reikia, bet kaip suprantu, atbuline data negalima kažko naikinti.",0
711,"Reikėjo dirbti,savo laiku.Sėdėjo rankas sudėją ,šiknas pametę.Stažo trūksta .....ir nori gauti daug",0
712,"ai,kad jie jau nekalba apie grazinima pareigunu pensiju,o nureze buvo nemaza,viskas uzmirsta,augant kainoms tokie sprendimai yra neteisingi",0
713,"O kai paprastiems pensininkams keičia formules ir mažina pensijas tai galima, o teisėjams, mokslininkams ir kt. negalima?",0
714,"Kokios čia gali būti 10rūšių pensijos ,turi būti viena kaip ir visiems kitiems tikra biurokratija",0
715,"Keis valstybes naudon. Vel nurez ,ar atims.",0
716,visiems pensininkams po 600ir viskas koks skirtumas kad reisėjas juk ir taip aiškukad beveik bisuomet reisdavai atmestinai kažkodėl nei vieno patenkinto teismų darbu tame ratpe ir aš,0
717,Liežuvis neapsiverčia tuos 64.1 € nukentėjusių asmenų “valstybine pensija”vadinti. Gėda…,0
718,Kodėl nuvertino daugiavaikes motinas seniau ir joms prie pensijos buvo mokama daugiavaikės motinos garbės pensija.?,0
719,"Nuo kariskiu pradeti ,bet uzmirsot kad kariskiams jus dar skoloje esat like.Idomu kada skola grazinsit ar ir vel nuskriausti ruosiates,o ka teisejai isskirtiniai ir nelieciami",0
720,"jau uzmirso atimtas pensijas,o litais buvo nemaza,grazino visiems senatves pensininkams,o siems nereikia",0
721,"Pradzioje dar vis zadejo ,o dabar jau vel kazka naujo sugalvojo kaip mus nuskriausti,teiseju bijo pajudinti,o mes nors kariskiai tevynes ginejai, bet skriaudziami",0
722,O su savo dūdą galima  ,0
723,"Pasižiūrėkite čia, kai kurie turi info suvede.",0
724,"Sveiki, jei inicijuoju mediacija ar galiu joje nedalyvauti",0
725,ar jos cia aktores? nesuprantu apie ka jos cia ir ka jos cia daro. ar galite parodyti certificates kad tai ka cia kalbate esate kvalifikuotos ,0
726,"vailys kalba daug, bet mažai pasako. Protingas kalba mažai, bet daug pasako",0
727,"veiki, gal galėtumėt trumpai atsakyti. Pagal skyrybų susitarima sunus gyvena su vyru",0
728,"Užuojauta…suprast, kapstytis, aiskintis svetimose, šeimu santykiuose… sunkus, tačiau, reikalingas darbas",0
729,"koks kokybiškas live pokalbis apie skyrybas, advokate Rasa tikra profesionalė teismuos ne iš vieno gražius atsiliepimus girėjau",0
730,aba diena ar galit man pasakyt ar teisetai viskas padaryta .sulaikimo metu as apipurskiau policijos pareiguna dujom o jis man sulauze rankos pirsta ir praskele galva tik vat nukentejas liko jis ir dar prisiteise,0
731,"Mergaites, jus ziaurios... puse paklauses neisgirdau nei karto apie zmogu ir zmogiskuma. ",0
732,"Nepykit, bet jus kablais kauksincios, technokratinio mastymo aukos",0
733,Sveiki. Imkit pvz iš selo arba eminemo. Kitu atveju tapsit įkaitais ir nematysit vaiku. Nes jos žaidžia kažkokias monarchijas,0
734,Kalbos ir nieko naujo. O juk svarbiausia derlingumas ir pieno riebuma,0
735,Kur galima baigti mediatoriaus kursus. Esu su aukstuoju universitetiniu išsilav,0
736,"va taip turėtų atrodyti tikras, džentelmeniškas vyras o ne nešioti treningus ir vaidinti kokie yra vyriški. nieko blogo rengtis elegantiškai ir vyrams",0
737,"Netrumpintu modelių turite, o tai nevisados gražu nešioti švarką, kuris atrodo, kaip išaugtinis",0
738," Pačios sutiko su tokiom sąlygom, pačios metė svorius, pačios dirbo, tai kokios problemos?",0
739,"aip reik savęs nekęsti, kiek reikia turėt kompleksų ir neturėt savigarbos, kad sutikt su tokiom sąlygom?",0
740,Jokia čia nuostaba. Taip ir turi buti visur,0
741,"Nesuprantu kodėl jos turi būti gražios. Tvarginga, pasitempusi ir tiek. Kam tas grožio standartas. ",0
742,"Turejau skrydį iš Čikagos į Las Vegasą, tai stiuardesės kaip iš kaimo pabėgusios, jokių svorio standartų nebuvo, ir tokių pasitempusių kaip Europoje nemačiau, labai keista buvo matyti, kai akys pripratusios matyti pasitempusias",0
743,"nesuprantu, kam savęs taip negerbti ir dirbti tokį darbą. nebent jau tikrai labai gerai moka",0
744,Rusijoje Navalnui taip pat..byla po bylos....kiekviena diktatūra randa savo strategiją kaip susitvarkyti su oponentais,0
745,Rusijoje Navalnui taip pat..byla po bylos....kiekviena diktatūra randa savo strategiją kaip susitvarkyti su oponentais,0
746,pimpalą nuo piršto skiri? Ar ragaut reikia?,0
747,"Celofanas sėdi ne už oponavimą valdžiai, o už savo padarytus nusikaltimus. Toks ""nežymus"" skirtumėlis.",0
748,"ent kiek gerbiantis Navalną jo niekad nelygins su sukčium, turinčiu aktorinių gebėjimų ir bandančiu išvengti atsakomybės su ""persekiojamojo"" vaidmeniu.",0
749,celofanas eilinis sukčius ir tiek. Gal neeilinis - įkliuvęs žioplys,0
750,usijoje televizijos tą patį kalba apie tuos kurie prieštarauja valdžiai,0
751,"nu blemba dėde ar taip sunku internetu pasinaudot ir pasigooglint kada buvo padarytos nusikalstamos veiklos, ir kada šis veikėjas su visais knygnešiais ir kitokiais idiotais į eterį pradėjo lysti ?",0
752,"Jaučiat skirtumą, kad Antanas jau buvo nubaustas už panašias veiklas, ir jau laukė naujo sprendimo tesiminiame procese kai pradėjo visais šiatais cirkais užsiimdinėti, ir kai tam pačiam Navalnui jau po fakto, kai jis iš tikro tapo grėsme režimui prisiuvo įvairius nusikaltimus .?",0
753,"Jei nejaučiat dar kartą pakartosiu vienas cirkininkas jau buvo teistas ir sedėjęs, po to vėl prisidirbo ir buvo teisiamas ir tik tada kai žinojo, kad taip ar taip sės pradėjo cirkais užsiiminėti, kitam žmogui kuio vardas nėra Antanas dauguma nusikalstamų veiklų prisiuvo tik tada kai jis tapo per daug pavojingas rėžimui",0
754,"Navalno žygdarbiams,šis nuopeza, niekada neprilygs, kalėjimo didvyris",0
755,"Kaip sakoma, veiksmas turi atoveiksmį...kur nuves tokia beprotybė?",0
756,egul buna prakeikta ta rusija jai nieko nera svento,0
757,nu tai gal išvis tegul rusija mums pradeda aiškinti ką daryt ir ko ne,0
758,"I nato negalima įstoti , nieko negalima. Bet kokį sprendimą darant žiūrekim ar rusijai tinka ar ne",0
759,Jam jau vaidenasi. Apsirūkė kaip visada,0
760,"Kad nelabai rusija yra kam ir stiprene, ne branduolinis ginklas",0
761,"o už ką kerštas, tai juk ukrainiečiai nesusprogdino kreiserio",0
762,"visas pasaulis siuntė ten(na....),laivas ir nuėjo",0
763,"Paaukociau mielai savo gyvibe jei mane kas pas putina nuveztu,kad islaisvinciau visa pasauli",0
764,Putka bailys! Nebeturi kitokio ginklo,0
765,"Putka dar galėtu pataisyt reputacija ,jei atiduotu tuos prievartautojus pedofilus nuvezdint i teismą",0
766,"Bailys ne bailys,bet BRANDUOLINĮ nori,kad PSICHOPATAS panaudotų",0
767,"Tegul panaudoja ,gaus atgal kad mažai nepasirodys. Motulė rasija nėra tokia durna kad panaudot atomkę,tušti grasinimai,jai če butu mirties nuosprendis ir putka su savo pakalikais gerai ta žino. Bukem biedni bet teisingi",0
768,Tuoj panaudos.... tik pirma Šoigui raugintų kopūstų su pupelėm per lašalinę prileis,0
769,jei taip atsigaus- daktarų personalas numirs.,0
770,Visa gyvenimą draugavau su rusais iš Maskvos kitų miestų...Gyvenimą matėm visi viena spalva....bet čia ...aš ....pakeičiau nuomonę ...netik apie ...rusus ...bet ir pats ..apie save ...kad ...neteisingai ...gyvenau....todėl sendien ...pripažindamas sau tai tapau ..jų priešų ir nedraugu,0
771,kurioj vietoj saunus?! Kuo tu cia dziaugiesi,0
772,"ir tau iki mano smegenu tolokai, kaip suprantu, pas tave- kose ",0
773,Jums tai atrodo rusai dar graži elgesį aš už rasija,0
774,Kai i jusu šali ateina priešas tai tauta susivienija ir visa šalies ŽEMĖ tampa bendra .Isidėmėkite,0
775,O Ukrainiečiai parodė visam pasauliui kaip reikia gynti savo šali.,0
776,"ne taip ten viskas ir vienigai vyksta , būtų buvęs vieningumas, rusas tikrai ten kojos būtų nekėlęs, butent rusai ir pasinaudojo kad nebuvo vieningumo",0
777,"Stai kur vieninga tauta- vienas uz visus ir visi uz viena. Musiskiam reikia daug pastangu kad tokiais taptu, uz zemes lopineli savo artimus zudo.",0
778,O Ukrainoje jau vasarą neseniai dar buvo žiema,0
779,Tik vienas žmogus kaltas.gaila visų,0
780,"Tai bent vaizdas! Tik aplinkinio miško gaila, išdegė.",0
781,"bet kitas žodis kas sudega nesupus, trasa UA žemei su sudegusiais brudais",0
782,taip bet kaip brudu atsikratyt?degint naikint kad kiti net nemastytu su ginklu brautis,0
783,Kiek suprantu uz pateikta klaidinga informacija yra staripsnis,0
784,Kada filmuota.is kur lapai ant medziu.,0
785,gaila man tavo biologijos mokytojos jei nežinai kad ant pušų lapai neauga,0
786,Duot pyderam kad mažai nepasirodytų,0
787,"bet vis ramybes man nedaduoda ir del idomumo noriu pasiteiraut ,kai is dronu yra stebimi tankai ir visa kita iranga is kur butent yra zinoma kad tai yra priesu o ne ,,saviskiu,,tankai ir t.t",0
788,"Ir išsisklaido dvejonės, kad pilnatis neveikia  ",0
789,gal po velykų borteliai gasdina,0
790,"Čia man rodosi, jaunuolio mašina. Jis mėgėjas ekstravagantiškai parkuotis. Buvau ir aš jį nufotkinsiu kieme, beveik ant krūmų buvo mašinytė šitą pakabinęs",0
791,"įdomus vairuotojas, tikrai derėtų apie jį pranešti policijai.",0
792,šsikvieti šeimininka ir išsiaiškini... Pas mus tychoria kiaušais apmeto... Arba nakti padangas subado... Rūsų dūchai,0
793,"Is kur tokios kiaunes lenda, oras susilo",0
794,"omg ant tiek neturejimas ka veikti ,nebesirkit svetimom ligom",0
795,Praeikit pro kiemus tai dar ne tokių perliukų pamatysit. Ir turėsit ką veikti kol viską sukelsit į FB,0
796,"kiemai nedomina, bet kai palieka vidury gatvės",0
797,"visam mieste , visose gatvėse pilna tokių. Nu vajėj.. neturit rimtai ką veikti. Parašykit raštelį ir užkiškit už lango.",0
798,"O tai ko nepaprastoji kas atvažiavo su ta mašina, tik teparašei kad moteris",0
799,"O per tą laiką tu ir pasidarbavai FB ""pasidergdama"" nu nepasakyčiau kad čia nei gerą darbą padarei, nei kad pavyko kažkam įkast",0
800,"Kosmonaute, tau kitą kartą po langu pastatys ant dviejų ratų tą mašiną,kad turėtum ką veikt",0
801,"Tuoj teta atvažiuosiu skersa pasistatysiu, jeigu jums vienintelė pramoga fotografuoti mašinas per langą",1
802,"Jei maniske taip parkuotu, visi ratai sveiki butu - maladec",0
803,Trink ta debiliška posta žaba,0
804,Cia orai susilo ir galveles perkaito? Jau kelintas postas del masinu,0
805,"Ant kiek ta moteriškė su pagyvenusio vyro šukuosena turi neturėt ką veikt gyvenime kad tokiais šūdais užsiiminėt ir liet tulžy feisbuke. Eik prasieik ratuką po miestą, riebalą padegink",0
806,"Labai graži Velykinė tradicija, susirenka žmonės suaugę ir vaikai, visiems gera ir smagu. Kuo daugiau tokių švenčių, su savo papročiais.",0
807,"Varnos itrauktos i raudonaja knyga,tad negalima ju saudyti.Nykstanti rusis.",0
808,Nerašau kad patinka žiauru graudu žūsta nekalti vaikai žmones te būna prakeikti visi kas sukėlė šį prakeiktą karą net sunku raşyti,0
809,"Tikiu, kad Velykos -Jėzaus prisikėlimas, išgydys savo meile ir užbaigs šią nesantaiką",0
810,"be žodžių,bet čia ,kaip ir patvirtinamas,kad milijonai,ne visagaliai",0
811,prie ko cia pinigai ir naujagimis,0
812,"kad nieko suprasti neina, labai neaiškiai jau išdėstytos Jūsų mintys, pakoreguokit savo “paaiškinimą”",0
813,"Tai kad jie norėjo,būtent dvynių,ir buvo įsodintinti du embrionai.",0
814,O is tiesu nieko nezinot tai galetumet tokiu pletku ir nerasineti.,0
815,"Turiu irgi kažkokią, buvo ant mano pakabos pakabinta, tai gal tavo.",0
816,"Vyras turi gerai elgtis, - kad žmona butû laiminga, o tada ir vaikai laimingi, ir namie butü gerai",0
817,"Video pakeitęs mano gyvenimą, ačiū Rimantui, Ačiū Donatui",0
818,Nu blam aś maniau kad su tokia nuomone tik aś esu viena ant svieto!! Pagarba! Rimantai!,0
819,kada mes paleisim i eteri sava video su gyvenima ismintim?,0
820,"Įdomus pavyzdys: nuo kada sintetiniai tepalai blogiau už pusiau sintetinius ? Kur čia koleriacija su maistu? Tokius ""mokymus"" reikia tinkamai paruošti ",0
821,Manau reikètu daugumai vyru išgirsti tai. Rimantas šaunuolis jis. ,0
822,"Kad ir senos, bet laivas nepavojingas kai guli dugne ",0
823,"Senos tarybines raketos.Nemeluokite.Sukūre,aha nuo pradžios iki galo",0
824,"dalyvavai kurimo procese, kad cia sudus rasai?",0
825,"gali putoti kiek nori,kelnių tik nepridek.Senos jos ir yra senos",0
826,"senos ar nesenos raketos,bet lengvai paskandino rusu pasididziavima",0
827,"Kada sužydės? Ar kaip nemuno saloj kur pasodino ir dar nei vienais metais nesužydėjo ir dar dabar aplink statybos, dulkės ir vejuota.",0
828,Pamenu kažkada dar 2013 ar 2014 metais tiesiog random nusprendėme nulekt I Prienus,0
829,"Norit pasakyt, kad vyšnių lietuvoj daugiau niekur nėra?",0
830, daryk tą ką geriausiai moki,0
831,Amerikonams patinka kai su ju ginklais naikina rusu tchnika.,0
832,"kelios lazeriu valdomos bombos ir raketos neisgelbes ukrainos,ten ju reikia tukstanciais,amerika nusiunte tukstancius javelinu bet ir tie mazai ka padejo,rusai puola toliau,nes jie turi apsisaugojimo priemones nuo lazeriu valdomu ginklu",0
833,Manau pats laikas įvesti Nato į Ukrainą,0
834,"uikai tvarkosi ukrainiečiai, tik jiems reikia ginklų, manau jie jau gavo",0
835,"Užteks šantažuoti visus, galės susirinkti savo žaislus ir par žygiuoti iš Ukrainos namo kol jų ten nepacirskino",0
836,"Jei duos tas, kurios stovi lėktuvnešių grupėse, tai maskoliams liks tik patiems kingstous atidaryti, nes bus pasiekiamas bet kuris taškas Juodojoje jūroje.",0
837,Kuo greiciau reikalingi sie ginklai,0
838,"O kam švęsti šv. Velykas kartu, jei jie netikintys? Galima bet kada giminės balių pasidaryti.",0
839,"Mano manymu didžiausia dali žalos padarė gamtosaugininkai , nes jie sunaikino pagauta žuvi , nes tinkluose žuvis tirai buvo gyva kuria buvo galima paleisti tolimam gyvenimui",0
840,O kiek nematot? Pasirodo kartais vadinasi dirbat?,0
841,Parazitai tie aplinkosauga policija mažiau baudos duoda girtiem vairuotojam,0
842,"Dzin jiem tos baudos. Jei turto ant saves neturi, o greiciausiai neturi, nieko is ju nepaimsi. Tinklus naujus susiveiak ir toliau gaudys viska kas juda",0
843,"Dzin jiem tos baudos. Jei turto ant saves neturi, o greiciausiai neturi, nieko is ju nepaimsi. Tinklus naujus susiveiak ir toliau gaudys viska kas juda",0
844,Dar padvigubinti bauda reiketu ,0
845,"Per tokius veikėjus ir neįmanoma žuvies su paprasta meškere Nevėžy pagaut. Gyvenu ant Nevėžio kranto, bet žvejot į Nevėžį jau seniai neinu, nes žvejyba kaip šuliny, kol tinklais viską brakonieriai šukuoja. O kiek dar jų nepagauna.",0
846,Tokiems trigubai daugiau duoti.,0
847,"Viešinkite-pavardė vardas,gyvenamoji vieta",0
848,Tuoj be pazymejimo iseit i kiema negalesi ,0
849,"Kada parašys, kad sulaikė pažeidejus, besiruošiančius statyti tinklus",0
850,"tokias dėt baudas, kad ir kitiems būtų pamoka ir atmuštų norą taip žvejot!",1
851,Nuo kada galėsiu lydekas jau traukti?,0
852,"pažįstu aš tuos žvejus, netoli gyvena vienas",0
853,"Ne viskas kas iš ryto kyla yra saulė, kartais va šlagbaumas",0
854,"Šitie kėgliai galvos skausmas ir pestiesiems ir vairuotojams,jiems nei taisyklės negalioja niekas",0
855,"Reiktu Grupe kurt,kuri saugotu Vairuotojus,kelti foto kaip vykdomi pažeidimai:pesčiuju,dviratiniku,paspirtuku",0
856,"košmaras su tais paspirtukininkais išvis,šiandien gryžinėjom namo ir visai netoli namų kaip atvarė šaligatviu su paspirtuku taip ir tiesiai per perėja į gatve visa laimė kad mašinos tolėliau buvo.",0
857,"aip,patys palenda po to kaltina vairuotojus ",0
858,del to kad daugiau kaip puse teisiu neturi o ir pestieji bei dviratininkai irgi nelabai laikosi nakti grizdamas is darbo nekarta esu mates masinu nera per raudona varo,0
859,nereik net nakties yra durnių kur ir diena varo per raudona,0
860, as matot vazineju su paspirtuku i darba bet pagal taisykles jeigu dviraciu taku vaziuoju ir eina pestieji pristabdau o jei reikia ir nulipu tad nereikia sakyti kad visi yra taip labai daug besmegeniu bet tikrai ne visi,0
861,"eigu su masina per raudona vaziuoji tai lyk teises atima ir bauda suraso,tai jeigu pestysis arba su paspirtuku taip padaro tai jiem dazniausiai nieko nebuna,",0
862,"aralienės Mortos mokyklos vyriausieji mokosi pagal Tarptautinio bakalaureato diplomo programą, tad baigę mokyklą galės didžiuotis diplomu, kurį pripažįsta geriausi pasaulio universitetai.",0
863,Galimybes pilietiskumas globumastobulejimas noras ,0
864,"Nesuteiksime tribūnos komentatoriams, kurie rašo nepagarbius, įžeidžiančius, neatitinkančius tiesos ar nesusijusius komentarus.",0
865,"Bet kodėl jūs to bijote? Kiekvienas turi sugebėti priimti kritiką kad ir kokia ""kvaila"" ar neteisinga ji būtų",0
866,"Ačiū už Jūsų nuomonę. Atsiliepimai, konstruktyvi kritika ir įžeidinėjimai, niekaip su ugdymu ir mūsų veikla nesusijusios informacijos skelbimas - nėra vienas ir tas pats",0
867, Bet iš jūsų atsakymo galima daryti prielaidą jog jūs turėtumėte sulaukti tik neigiamų atsiliepimų. Jaučiamas išankstinis nusistatymas ko pasekoje vėl darau prielaidą jog jūs žinote jog sulauksite neigiamų komentarų.,0
868,"Konstruktyvios kritikos laukiame, tačiau įžeidinėjimų arba nesusijusios informacijos netoleruosime.",0
869,Ačiū už išsakytą Jūsų nuomonę. Mes pasiliksime prie savosios.,0
870,"Gėda turėtų būti kad nepraėjo toliau, o ne kad 30k vokiečių sirgalių stadijone buvo",0
871,"Judet reikejo, o neverkt dabar",0
872,"Laimės! Superiniai žmonės, paprasti ir tikri. Švęskit gyvenimą",0
873,"Ačiū už tokią reikšmingą informaciją, o tai naktimis neidavo užmigti.",0
874,"pakomentavus jau pasitenkinot, tapote reikšminga, ir jau galėsit miegot?",0
875,"ereikite per visus komentarus ,tada pakalbėsime ,taip pat su Jumis kiaulių neganiau.",0
876,Laimes jiems nors po kokio pusmecio issiskirs juk pas mus taip priimta,0
877,"Visada žavėjausi Sakalausko talentu,puikus aktorius,o dabar taaaip džiaugiuosi,kad rado mergina,ir vedė.Super, meilės, laimės ir sėkmės visur ir visada",0
878,"Viskas suprantama šaunu,bet ar būtina tiek reklamuotis,laimė mėgsta tylą ",0
879,"Esu supykes,nes negavau kvietimo. ",0
880,"Laimės, aišku, norėtųsi palinkėti, bet labiau turbūt užuojauta nuotakai",0
881,Tai žmonės gelbėja nuo infliacijos savo santaupas- o čia daiktas visais laikais savo vertę turintis.,0
882,Ruošėsi Ukrainos pergalei ,0
883,Kažkas priožino nes kitaip mentai niekada nebūtų pagavę,0
884,95% visų mentu pagavimu yra paskundimai ir tik 5% patys kažką,0
885,"Tai tegul disponuoja, prekiauja, mes visi už, vis ne Maxima remt kur kainos iš oro kyla",0
886,"Atominiam karui pasiruoše,girdėjau padėda nuo radiacijos",0
887,Apsirūpino šventėms,0
888,"O gal žmonės apsiprekinę šventėm , kaupė juodai dienai daug metų  O čia pyst ir konfiskavo , dar kalėjimo gaus greičiausiai",0
889,Parduotuvinis yra apmokestintas režimo valdančio Lietuvą,0
890,"Konfiskuoti ir į Ukrainą rusų kareiviams, kad nusigertų",0
891,Pasirodo ten dar ir ginasi kazkas,0
892,Tai kad ginasi geriau nei tu galvoji,0
893,"ko zvengi, galvoji nesigina, o tasku daugiau imeta, NES geriausi pasaulio zaidejai ir losia 8min ilgiau",0
894,"Geradariai,biotualetų pristatė..tik jų turinį reikėtų seime ir moteriausybėje ištaškyti kad pajustų kuo kvepia jų vykdoma politika.",0
895,"o kam i seima? meslynas arciau- cia pat uz sienos baltarusynas, rusynas:) - tai sudai bus kaip ten buve",0
896,"žmogeli,aš 12 m.važinejau i BY...ten ne mešlynas,tvarkos daugiau nei pas mus..aš tikrai nepritariu ju politikai ir tuo labiau karui...tik nereik sakyt,kad pas mus viskas gerai",0
897,"jei debiliuks ,tai jau visam laikui...negydoma...atia",0
898,nieko baisau gal ismoks vaikis spalvas skirstit,0
899,"Ant antros laiptinės durų vakar maciau prašymą grąžinti telefona, pametė vaikas",0
900,Nuneskit i mentine greit atras savininka,0
901,"ora metu nepadirbo, siemet jau budincios, kitais metais dar daugiau bus budinciu, o dar sekanciais jau dirbs visos pardes kaip iprasta",0
902,"Cia juk verslas ir pinigai, darbuotojai tiesiog pinigus uzdirbantys robotai, be seimu, vaiku ir svenciu sventimo",0
903,"tai kad jei nedirbtu nei viena parduotuvė, tai kai kurie zmones is proto kraustosi",0
904,uoj eina postai gal zinot kokia parduotuvė dirba.velka vežimais viska prieš sventes ir dar svečių diena nekantrauja begt parduotuvių sluot.lyg atrodo kad parduotuvėse ne žmonės dirba ir jiems švenčių nereikia,0
905,"zmogaus pasirinkimas kur dirbti ir kokiomis salygomis. Jei zmogu tenkina dirbti sventinemis dienomis, valio",0
906,"Kai visuomenė toleruoja visokias girtas Mildazytes už vairo, laiko tai zmogiska klaida, o ne tyciniu nusikaltimu - ko norėt iš kitų žmonių",0
907,kaip tik - zinomi zmonés turétu būt mūsu veidrodziu,0
908,"Kur trikojai tai ok pranešti, bet kai prasipust, geriau nedalint lokaciju, tegu draugeliai tiomnus veža",0
909,"Puiku! Vaikai užaugo, nori mylėtis su tos pačios lyties atstovais. Programa veikia. Tikiuosi supratome, ka darėme ne taip ir ka dabar jau galime daryti kitaip beauginant savo vaikus",0
910,"O man,tai visiškai tas pats,kas su kuo gyvena",0
911,Didelis AČIŪ tiems kas suorganizavo šitas eitynes Kaune.,0
912,Ir didelis papeikimas del is anksto nepranestus apie kelio uztverimus,0
913,Sveikinu Kauna izengus i laisva nepriklausoma bendruomene !,0
914,kad visi butu laisvi buti savimi ir turetu vienodas teises,0
915,Kad jus siuksles isnyktumet,0
916,siuksle tai tavo komentaras - nereikalingas ir ne vietoj. Visi turi teise buti savimi ir tureti vienodas teises. Tai nieko is nieko neatima,0
917,del vienodu teisiu prie seimo reik protestuot o ne zygiuot bbž ko,0
918,"cia tik jusu individuali nuomone. Jei nematote kodel tai ivyko Kaune, Laisves alejoje nemanau, kad galiu paaiskinti. ",0
919,"eik tu nahui su savo 15 min, kaip bomze blet",0
920,"Einam pasakysim visiems kaip gera buti gomiku ir po to ateja namo pasipisim i sikna,tai bent gyvenimelis,kaip smagu ir fajna,ligoniai",0
921,"Ka kaunas uz,taiko nevienas snuko nedaze ",0
922,Man ydomu - Armonaitės vyras normalus ar tas su kuriuo ji žygiuoja eitynėse,0
923,o dieve ka darit ie visur reik kast bunkeri ir sleptis,0
924,linksma buvo pasižiūrėt kaip tradicinius degradus prie fontano vieną po kito kaip pakuoja,0
925,"Gyvename turbūt geriausiais laikais kokiais gyvenome, nežinau kas čia blogyn eina lyginant su senais laikais.",0
926,kovoju su kurwa moderatoriais ant 15 min,0
927,"Hmm, kažkaip mažokai budulių ir kitų šeimų maršo veilokų.",0
928,gerus vergus uzsimetei ant profilines. Cia visi man?,0
929,"tikras vilnieti , visa šita šušara būtent iš Vilniaus suvažiavo",0
930,Isivaizduoju jei lietuvos paritzanai gyvi butu ir pamatytu herba toki tai pagalvotu ar tikrai verta kovot jiem buvo,0
931,"Raskevičiaus senelis garsus partizanas, beje. Manau kovojo už savo vaikaičių laisvę ir būtų viskuo patenkintas.",0
932,pasiziurejau ka jis reiskia-tai rankos sukisimas iki alkunes i isange,0
933,"Dieve, gelbėk žmones. Dėkoju, tiems , kurie išdrįsote ateiti prieš pasidemostruojančiuosius.",0
934,Buvo labai labai geras pride'as. Asmeniškai man labai patiko,0
935,"Varge, taigi čia išprievartauti vaikai!",0
936,vargsai pasiklyde ir apgauti vaikai...,0
937,Nesu homofobas bet ar ne karantinas?,0
938,"Eilinis irodymas, kad jie daro ne tik zala seimoms, bet ir paprastiems pilieciams platindami covid’a. Kodel ju niekas neisvaike su dujom ?",0
939,Labai puiku kad Lietuvoje yra vis mažiau homofobų. Meilė neturi lyties <3,0
940,Tuoj neturės ir amžiaus jei taip toliau,0
941,"Džiugu, kad tuo toliau, tuo mažiau homofobijos Lietuvoj, judame į priekį, kad ir po biški, vis tiek judam",0
942,GERIAUSIAI JIEMS TINKA REZERVATAS,0
943,Jie griauna musų gyvenimą ir mūsų vaikų ateitį,0
944,Neigiamą nuomonę pasilikti sau :) Jeigu nepatinka mielai galite išsikraustyti iš čia. Pripraskit prie to dalyko kad laikai keičiasi. O žmones patys renkasi ką jie nori mylėti,0
945,"jau nusišnekat jūs, niekas nieko nepažeidžia :D žmones turi teise rinktis kaip jiems geriau gyventi, ir aš jų pasirinkimą palaikau.",0
946,"ir kas čia blogo? Žinau ne viena toki žmogų, ir juos pilnai palaikau. Pasakykit bent kelis argumentus kodėl esate prieš LGBTQ+ nes niekada taip jų ir nesugebat pasakyt :D",0
947,"Iš ko sprendžiata, kad aš mūšiu tą vaiką? Aš vaikui pasakysiu, kad jūsų visa ""grupe"" yra prieš dievą, ir tai buvo rašoma pačioje biblijoje.",0
948,taip!!! Dievas mus myli net jeigu ir esame kitokie,0
949,Ir kuom didžiuotis? Kad IŠSIGIMĖLIAI,0
950,O tu kaimietis issigimelis,0
951,"Kad jie suprastų... ką jie daro, ko reikalauja?.. pirmiausia turėtų gydytis...",0
952,"Puikiai suprantam ir puikiam žinom. Tai, kad jūs nežinote, ko mes norime ir ko trūksta LGBT žmonėms, parodo jūsų neišprūsimą. Jūsų menkumą, savimeilę, nepagarbą ir visišką empatijos nebuvimą. Man jūsų gaila.",0
953,Didesnio absurdo nesu matęs,0
954,kad tu kurwa mirtum,0
955,"asile nedapystas mano politiniai požiūriai jau seniai pasikeitė, tu matai kada aš parašiau bent ta komentarą",0
956,Sovetu laikais buvo geriau,0
957,Sovietų laikais buvo tas pats - tik paraduose vietoj vaivorykštinių vėliavų buvo raudonos (su pentagramom ir serpais bei molotais).,0
958,Kokius gerus darbus darysit?Dauginsitės -tik kaip?Tikroji šeimų šventė?Jo tikslai ... ryškėja,0
959,"jie nesidaugins, bus geritai kaip vakarietiškoje Europoje - paims vaiką iš heteroseksualių šeimų.",0
960,"gyvenk ir duok gyventi, kam negatyvu spjauditis?",0
961,"Kas neduoda jiems gyvent? Jo pilna vaikų, tėvai veda vaikus parodyt kaip jie galės gyvent..",0
962,Dar nemačiau nė vieno žmogaus kuris būtų pagydytas nuo homoseksualumo,0
963,"pirmiausia, gal pradėk skaityt naująjį testamentą, pvz laišką romiečiams 1 skyrius nuo 18 eilutės atskleidžia Dievo požiūrį į tai",0
964,Kada gi prostituciu paradas bus? Kur lygios teises,0
965,komentaruose vien tik degratai :)leiskit žmonėm būti kuo jie nori ir žėkit savo reikalų,0
966,"Ne mano reikalas kas su kuo guli, bet matau įvairių kitataučių: ar savoj šaly tokie paradai uždrausti jog visi į LT sulėkė?",0
967,Baisu žiūrėt į komentarus :( Jai gu nepatinka tai pasilikit savo nuomonę sau!!!,0
968,Sad nes negalejau vaziuoti :( Su Pride menesiu!!!,0
969,"Keista,kad zmones neupranta eityniu prasmes...juk norima tik lygiu teisiu.Zmoniu teise rinktis,kam su kuo gyventi",0
970,Smirda šūdu ir taškas,0
971,ka tu cia isvis gini ziuriu per visus komentarus visur tave matau ble matosi kad nera ka veikt tau,0
972,Tprsm kodel visi zmones mano kad jie yra issigimeliai.JIE YRA NORMALUS ZMONES KAIP IR,0
973,"ar tikrai taip geriau ir ""kiečiau"" jautiesi pasityčiojas is nepazystamu zmoniu?",0
974,O blokuoti žmonėms gatves... naa... gali būt pėsčiųjų gatvė pasirenkama,0
975,Kodel manai visos sios eitynes yra organizuojamos,0
976,Pasiekėme žmonijos išsivystymo aukščiausią tašką,0
977,"Klausiu, ar šitie degradai yra aukščiausias žmonijos išsivystymo lygis",0
978,razuli kur tu .mesk plyta koke ar kazka daryk,1
979,Sakyciau taip nes jie pagaliau sugeba judeti uz savo teises. Uz teise nebijoti iseiti i gatve ir buti nesumustam,0
980,O klausimas tai kam tu ziuri jei tai tave piktina,0
981,​svarbiausiai - visi linksmi ir nei vienos neapykanta pritvinkusios blakes,0
982,"negaliu sulaukt kol tokie zmones kaip ""neaiskink"" ir ""kazys birkis"" ismirs, cia bus didelis zingsnis lyg pasaulines taikos",0
983,Zmones nepraso buti auksciau uz kitus jie praso paprasciausiu zmogaus teisiu. O koks tolkas tau su kuo zmogus mylisi ar ka,0
984,"su kaimieciais pavadinimu lietuviai nepasigincysi, per daug uzsispyre kad pripazintu kitus",0
985,​ru medijos praplautos galveles apie teises nera girdeje,0
986,"Vilniaus policija taip pat pranešė apie trijų priemonių, kurios bus nukreiptos prieš tradicinės šeimos gynėjus, derinimą.",0
987,"Tačiau reikia pažymėti, kad jų visų yra labai mažai",0
988,"Reportažas nuostabus, nemaniau, kad delfi sugeba tokį palaikyt, bet nuomonę patempė į teigiamą pusę. ",0
989,"susirinkę tik keli šimtai žmonių,bet automobilių keli tūkstančiai jau atvykę",0
990,"Lauke kauke dėvėt, kai nėra tam jokio reikalavimo? Delfi, jūs rimtai?",0
991,Delfi fuj grazu ziuret kaip si delfiais niekas nenori sneketi,0
992,"Ką čia svaigsti, skirtingos nuomonės, visi jie už tą patį: Konstitucijos neliečiamumą",0
993,Žurnalistė labai neprofesionaliai komentuoja žmonių nuomones,0
994,"Kiek daug sąmoningų žmonių. Mato atviroje vietoje lakstančią prietranką su kauke , tai ignoruoja . Maža kas , dar užkrės ?",0
995,Žmonės absoliučiai nesigaudo realybėje.,0
996,"Ausų krapštukus dalino, ar reikėjo patiems atsinešti?",0
997,zmoniu atsakymai tai padek dieve beleka sneka,0
998,"Zmones nesugeba sakinio suregzti, kalba apie kazkoki zmogiskuma, skiepus, pieniu valgyma, komedija.",0
999,Kodėl delfis provokatorius??? Tik paklausė kodėl atvažiavo. Ir viskas. O kad nesąmones atsako tai ne žurnalistė kalta.,0
1000,Patys nežino nuo ko gina tradicinę šeimą,0
1001,"Jei pas jus tai paskambinkite į banką ir pasakykite, kad radote tokio ir tokio banko kortelę",0
1002,"aikas sodyboje su šeima, iškyla su draugais ar ramus poilsis namie – jiems pasiruošti galėsite atsinaujinusioje",0
1003,"Nelikime abejingi tiems, kuriems mūsų reikia",0
1004,Darbui Vilniuje su galimybe dirbti hibridiniu darbo modeliu ieškome,0
1005,gal kam nors šiuo metu daro kapitalinį kambario remontą,0
1006,"avo galvoje nuolat sukasi verslo idėjos, svajoji apie savo verslą, lengvai pastebi galimybės",0
1007,"Nestandartinių baldų projektavimas, gamyba ir montavimas",0
1008,Zarasų kraštas dažnai vadinamas Lietuvos Šveicarija,0
1009,Balandžio mėnesį už ypač gerą kainą galite įsigyti nematomas duris,0
1010,"Parduodamas šaldytuvas. Talpus, veikia tyliai, puikiai šaldo, dirba kaip naujas.",0
1011,"Lukiškių kalėjime įrengtame dideliame ekrane visada transliuojam svarbiausius muzikos, sporto ir pramogų įvykius. ",0
1012,"Paskutinį karta auto prie pultelio ""prisirišo"" prie",0
1013,"Jei studijuoji inžineriją ar programavimą, o gal esi užsienio kalbų žinovas ar net pardavimų ekspertas - turiu puikių žinių!",0
1014,"Prie cido, fotosesija atvažiuojantiems nuo žiedo",0
